"File","AssetId","PublicLinkId","DamId","PublicUrl","RelativeUrl","ImageFieldXml"
"still-1496747611176-843222e1e57c.jpg","102992","102994","NwCvGacORlODgLtX0UxkPg","https://spd-asos.sitecoresandbox.cloud/api/public/content/8f14bb29f2aa4f4aa47226451c7be12f","8f14bb29f2aa4f4aa47226451c7be12f","<Image src=""https://spd-asos.sitecoresandbox.cloud/api/public/content/8f14bb29f2aa4f4aa47226451c7be12f"" dam-id=""NwCvGacORlODgLtX0UxkPg"" alt=""still-1496747611176-843222e1e57c"" dam-content-type=""Image"" />"
"still-extra-006.jpg","103255","103259","70Yd8i9YRFWhdcvQLZ89Pg","https://spd-asos.sitecoresandbox.cloud/api/public/content/36b33382bad54361a67b701d1103a2b5","36b33382bad54361a67b701d1103a2b5","<Image src=""https://spd-asos.sitecoresandbox.cloud/api/public/content/36b33382bad54361a67b701d1103a2b5"" dam-id=""70Yd8i9YRFWhdcvQLZ89Pg"" alt=""still-extra-006"" dam-content-type=""Image"" />"
"hero-women.jpg","102851","102853","ALdKnyQ3QqmT0sbZPYhQPQ","https://spd-asos.sitecoresandbox.cloud/api/public/content/e79acb02dc16403c82fc8601b8e2a56b","e79acb02dc16403c82fc8601b8e2a56b","<Image src=""https://spd-asos.sitecoresandbox.cloud/api/public/content/e79acb02dc16403c82fc8601b8e2a56b"" dam-id=""ALdKnyQ3QqmT0sbZPYhQPQ"" alt=""hero-women"" dam-content-type=""Image"" />"
"still-1617137968427-85924c800a22.jpg","103188","103190","toyYDg70RIGvV3WKnpZIfA","https://spd-asos.sitecoresandbox.cloud/api/public/content/6cafb66129ae40aaa2492c8571a44804","6cafb66129ae40aaa2492c8571a44804","<Image src=""https://spd-asos.sitecoresandbox.cloud/api/public/content/6cafb66129ae40aaa2492c8571a44804"" dam-id=""toyYDg70RIGvV3WKnpZIfA"" alt=""still-1617137968427-85924c800a22"" dam-content-type=""Image"" />"
"still-1618354691373-d851c5c3a990.jpg","103195","103197","R5aNroK-SbiJjwOxHa5D1A","https://spd-asos.sitecoresandbox.cloud/api/public/content/6e2b9d725aec46deb7794525dfd31263","6e2b9d725aec46deb7794525dfd31263","<Image src=""https://spd-asos.sitecoresandbox.cloud/api/public/content/6e2b9d725aec46deb7794525dfd31263"" dam-id=""R5aNroK-SbiJjwOxHa5D1A"" alt=""still-1618354691373-d851c5c3a990"" dam-content-type=""Image"" />"
"still-extra-019.jpg","103377","103380","qplH6NaKTeSVkX3-h8v-KA","https://spd-asos.sitecoresandbox.cloud/api/public/content/c32eb757b8e24750aeb05c6b65f70272","c32eb757b8e24750aeb05c6b65f70272","<Image src=""https://spd-asos.sitecoresandbox.cloud/api/public/content/c32eb757b8e24750aeb05c6b65f70272"" dam-id=""qplH6NaKTeSVkX3-h8v-KA"" alt=""still-extra-019"" dam-content-type=""Image"" />"
"211343371.jpg","101876","101878","FnSe3gFNQnSeJNpfzF6Q6w","https://spd-asos.sitecoresandbox.cloud/api/public/content/10518316607848b4a5f1cb6dbed1893c","10518316607848b4a5f1cb6dbed1893c","<Image src=""https://spd-asos.sitecoresandbox.cloud/api/public/content/10518316607848b4a5f1cb6dbed1893c"" dam-id=""FnSe3gFNQnSeJNpfzF6Q6w"" alt=""211343371"" dam-content-type=""Image"" />"
"211661772.jpg","102179","102181","IHW9QTrQRjuiq-2ExC_34w","https://spd-asos.sitecoresandbox.cloud/api/public/content/8d36b84169f64bb0b29e17dbe6c53f44","8d36b84169f64bb0b29e17dbe6c53f44","<Image src=""https://spd-asos.sitecoresandbox.cloud/api/public/content/8d36b84169f64bb0b29e17dbe6c53f44"" dam-id=""IHW9QTrQRjuiq-2ExC_34w"" alt=""211661772"" dam-content-type=""Image"" />"
"211577978.jpg","102049","102051","n_6qlGhqSim0p5RLJmJLNA","https://spd-asos.sitecoresandbox.cloud/api/public/content/266b868961bf461fbbaf8f2fe2d5e8b0","266b868961bf461fbbaf8f2fe2d5e8b0","<Image src=""https://spd-asos.sitecoresandbox.cloud/api/public/content/266b868961bf461fbbaf8f2fe2d5e8b0"" dam-id=""n_6qlGhqSim0p5RLJmJLNA"" alt=""211577978"" dam-content-type=""Image"" />"
"211662216.jpg","102331","102333","51DJE6u3RW6KUxxFZP_5IQ","https://spd-asos.sitecoresandbox.cloud/api/public/content/03846b6cf9214c0998d72f4e83e2ae1f","03846b6cf9214c0998d72f4e83e2ae1f","<Image src=""https://spd-asos.sitecoresandbox.cloud/api/public/content/03846b6cf9214c0998d72f4e83e2ae1f"" dam-id=""51DJE6u3RW6KUxxFZP_5IQ"" alt=""211662216"" dam-content-type=""Image"" />"
"211078983.jpg","101641","101643","xqCFmOfoR1OT0wxvMlNlig","https://spd-asos.sitecoresandbox.cloud/api/public/content/1d334f588870427aa5ae8c9cee6d545f","1d334f588870427aa5ae8c9cee6d545f","<Image src=""https://spd-asos.sitecoresandbox.cloud/api/public/content/1d334f588870427aa5ae8c9cee6d545f"" dam-id=""xqCFmOfoR1OT0wxvMlNlig"" alt=""211078983"" dam-content-type=""Image"" />"
"men-denim.jpg","102858","102860","b5snUDgXRT-J-s59yJxgfg","https://spd-asos.sitecoresandbox.cloud/api/public/content/5c7ec6683017481080e2786800729ee7","5c7ec6683017481080e2786800729ee7","<Image src=""https://spd-asos.sitecoresandbox.cloud/api/public/content/5c7ec6683017481080e2786800729ee7"" dam-id=""b5snUDgXRT-J-s59yJxgfg"" alt=""men-denim"" dam-content-type=""Image"" />"
"still-extra-062.jpg","103821","103823","s80RDDt5SV6jN_TQtDozxA","https://spd-asos.sitecoresandbox.cloud/api/public/content/bf5b888ee3f44594bcc551e4bba18b54","bf5b888ee3f44594bcc551e4bba18b54","<Image src=""https://spd-asos.sitecoresandbox.cloud/api/public/content/bf5b888ee3f44594bcc551e4bba18b54"" dam-id=""s80RDDt5SV6jN_TQtDozxA"" alt=""still-extra-062"" dam-content-type=""Image"" />"
"211680976.jpg","102542","102544","FWqwUkJVQ8CEhTPZcVUBWg","https://spd-asos.sitecoresandbox.cloud/api/public/content/3b43640806a64006bc3c2bfc1a863651","3b43640806a64006bc3c2bfc1a863651","<Image src=""https://spd-asos.sitecoresandbox.cloud/api/public/content/3b43640806a64006bc3c2bfc1a863651"" dam-id=""FWqwUkJVQ8CEhTPZcVUBWg"" alt=""211680976"" dam-content-type=""Image"" />"
"211662123.jpg","102264","102266","t1JZ4Sh9SreYWY1kgRdi7Q","https://spd-asos.sitecoresandbox.cloud/api/public/content/2ea2b7ba04f64de1b931396ce39c1865","2ea2b7ba04f64de1b931396ce39c1865","<Image src=""https://spd-asos.sitecoresandbox.cloud/api/public/content/2ea2b7ba04f64de1b931396ce39c1865"" dam-id=""t1JZ4Sh9SreYWY1kgRdi7Q"" alt=""211662123"" dam-content-type=""Image"" />"
"209966269.jpg","101219","101223","wxE6q_qNTNqX7OOpa98VXA","https://spd-asos.sitecoresandbox.cloud/api/public/content/c0215780c71e49a1947521da718ed508","c0215780c71e49a1947521da718ed508","<Image src=""https://spd-asos.sitecoresandbox.cloud/api/public/content/c0215780c71e49a1947521da718ed508"" dam-id=""wxE6q_qNTNqX7OOpa98VXA"" alt=""209966269"" dam-content-type=""Image"" />"
"211442754.jpg","101990","101994","xSwdwJpNRqiRC-F-bCLd6Q","https://spd-asos.sitecoresandbox.cloud/api/public/content/ba36e50eaa634cefb0617a86ea5f1363","ba36e50eaa634cefb0617a86ea5f1363","<Image src=""https://spd-asos.sitecoresandbox.cloud/api/public/content/ba36e50eaa634cefb0617a86ea5f1363"" dam-id=""xSwdwJpNRqiRC-F-bCLd6Q"" alt=""211442754"" dam-content-type=""Image"" />"
"211028790.jpg","101592","101596","r9wxxUoDR_CfUclBw_TrtA","https://spd-asos.sitecoresandbox.cloud/api/public/content/8f37cb7e2e5c44389c30157ce3b488e3","8f37cb7e2e5c44389c30157ce3b488e3","<Image src=""https://spd-asos.sitecoresandbox.cloud/api/public/content/8f37cb7e2e5c44389c30157ce3b488e3"" dam-id=""r9wxxUoDR_CfUclBw_TrtA"" alt=""211028790"" dam-content-type=""Image"" />"
"still-extra-002.jpg","103212","103214","at5a-zcASTSXmAKCBvTt_w","https://spd-asos.sitecoresandbox.cloud/api/public/content/889b057d73154fcfbd9cb1412ff38d55","889b057d73154fcfbd9cb1412ff38d55","<Image src=""https://spd-asos.sitecoresandbox.cloud/api/public/content/889b057d73154fcfbd9cb1412ff38d55"" dam-id=""at5a-zcASTSXmAKCBvTt_w"" alt=""still-extra-002"" dam-content-type=""Image"" />"
"210128074.jpg","101245","101260","gbej-Z21RhyXfndKETUEnQ","https://spd-asos.sitecoresandbox.cloud/api/public/content/7778245686e24eac9c936f4d796e9d48","7778245686e24eac9c936f4d796e9d48","<Image src=""https://spd-asos.sitecoresandbox.cloud/api/public/content/7778245686e24eac9c936f4d796e9d48"" dam-id=""gbej-Z21RhyXfndKETUEnQ"" alt=""210128074"" dam-content-type=""Image"" />"
"211595911.jpg","102084","102086","iv9nht3iR82mIQDHAKMzgw","https://spd-asos.sitecoresandbox.cloud/api/public/content/24e79e1950ad4fe9a84fce78b80f0459","24e79e1950ad4fe9a84fce78b80f0459","<Image src=""https://spd-asos.sitecoresandbox.cloud/api/public/content/24e79e1950ad4fe9a84fce78b80f0459"" dam-id=""iv9nht3iR82mIQDHAKMzgw"" alt=""211595911"" dam-content-type=""Image"" />"
"211662522.jpg","102465","102467","XnPvTbWRSpOzI4JzoJmV_Q","https://spd-asos.sitecoresandbox.cloud/api/public/content/a7a4eda36c074719a309c59ad7d57cbf","a7a4eda36c074719a309c59ad7d57cbf","<Image src=""https://spd-asos.sitecoresandbox.cloud/api/public/content/a7a4eda36c074719a309c59ad7d57cbf"" dam-id=""XnPvTbWRSpOzI4JzoJmV_Q"" alt=""211662522"" dam-content-type=""Image"" />"
"211599360.jpg","102103","102105","CpdDXkVETHKBXPfCzl1sdg","https://spd-asos.sitecoresandbox.cloud/api/public/content/1f8794af93ba44fabc41c5ea48af0aee","1f8794af93ba44fabc41c5ea48af0aee","<Image src=""https://spd-asos.sitecoresandbox.cloud/api/public/content/1f8794af93ba44fabc41c5ea48af0aee"" dam-id=""CpdDXkVETHKBXPfCzl1sdg"" alt=""211599360"" dam-content-type=""Image"" />"
"210797154.jpg","101454","101456","k5uipl0nQEGUp6Ag7eNAfg","https://spd-asos.sitecoresandbox.cloud/api/public/content/0103c20a32c24c5bad068d69babce5a4","0103c20a32c24c5bad068d69babce5a4","<Image src=""https://spd-asos.sitecoresandbox.cloud/api/public/content/0103c20a32c24c5bad068d69babce5a4"" dam-id=""k5uipl0nQEGUp6Ag7eNAfg"" alt=""210797154"" dam-content-type=""Image"" />"
"still-extra-007.jpg","103263","103265","XiFCtHSeTPCWgulaST606w","https://spd-asos.sitecoresandbox.cloud/api/public/content/c50650d74a414239b667036c6150420e","c50650d74a414239b667036c6150420e","<Image src=""https://spd-asos.sitecoresandbox.cloud/api/public/content/c50650d74a414239b667036c6150420e"" dam-id=""XiFCtHSeTPCWgulaST606w"" alt=""still-extra-007"" dam-content-type=""Image"" />"
"still-extra-040.jpg","103599","103601","pWkawHyvSayyoKj2-nhdsA","https://spd-asos.sitecoresandbox.cloud/api/public/content/f54c15c192bf4804bdc1a50a8b83c3e3","f54c15c192bf4804bdc1a50a8b83c3e3","<Image src=""https://spd-asos.sitecoresandbox.cloud/api/public/content/f54c15c192bf4804bdc1a50a8b83c3e3"" dam-id=""pWkawHyvSayyoKj2-nhdsA"" alt=""still-extra-040"" dam-content-type=""Image"" />"
"still-extra-005.jpg","103246","103248","fjBn6zRXTs2Y0t8pYGIQXQ","https://spd-asos.sitecoresandbox.cloud/api/public/content/82980d9373fc4f3d811e09707c29a280","82980d9373fc4f3d811e09707c29a280","<Image src=""https://spd-asos.sitecoresandbox.cloud/api/public/content/82980d9373fc4f3d811e09707c29a280"" dam-id=""fjBn6zRXTs2Y0t8pYGIQXQ"" alt=""still-extra-005"" dam-content-type=""Image"" />"
"211213430.jpg","101692","101697","LQWZYN5OQ3iTub1w-RknTg","https://spd-asos.sitecoresandbox.cloud/api/public/content/ac2af8c645034f82aaa6ad6b4890415c","ac2af8c645034f82aaa6ad6b4890415c","<Image src=""https://spd-asos.sitecoresandbox.cloud/api/public/content/ac2af8c645034f82aaa6ad6b4890415c"" dam-id=""LQWZYN5OQ3iTub1w-RknTg"" alt=""211213430"" dam-content-type=""Image"" />"
"211792807.jpg","102620","102624","tLKqcR_VRN6nyPyS1JPb-g","https://spd-asos.sitecoresandbox.cloud/api/public/content/5b0a35f9fc1345199e9cba0fd7707d43","5b0a35f9fc1345199e9cba0fd7707d43","<Image src=""https://spd-asos.sitecoresandbox.cloud/api/public/content/5b0a35f9fc1345199e9cba0fd7707d43"" dam-id=""tLKqcR_VRN6nyPyS1JPb-g"" alt=""211792807"" dam-content-type=""Image"" />"
"still-extra-041.jpg","103606","103608","hp347RwNTn2EFupgwvT-YA","https://spd-asos.sitecoresandbox.cloud/api/public/content/5c558e98e8da41d2813ca0361bf19b39","5c558e98e8da41d2813ca0361bf19b39","<Image src=""https://spd-asos.sitecoresandbox.cloud/api/public/content/5c558e98e8da41d2813ca0361bf19b39"" dam-id=""hp347RwNTn2EFupgwvT-YA"" alt=""still-extra-041"" dam-content-type=""Image"" />"
"209993457.jpg","101228","101230","Ze0aBzXwTmmFdklBgzVx-Q","https://spd-asos.sitecoresandbox.cloud/api/public/content/6eb97d334ffc42de8d89c3eaf15d16d3","6eb97d334ffc42de8d89c3eaf15d16d3","<Image src=""https://spd-asos.sitecoresandbox.cloud/api/public/content/6eb97d334ffc42de8d89c3eaf15d16d3"" dam-id=""Ze0aBzXwTmmFdklBgzVx-Q"" alt=""209993457"" dam-content-type=""Image"" />"
"207694492.jpg","100924","100928","aJUgzTQASQ6BC9h-jJckeQ","https://spd-asos.sitecoresandbox.cloud/api/public/content/4cdb38b4c5034e769afd4f5419207a79","4cdb38b4c5034e769afd4f5419207a79","<Image src=""https://spd-asos.sitecoresandbox.cloud/api/public/content/4cdb38b4c5034e769afd4f5419207a79"" dam-id=""aJUgzTQASQ6BC9h-jJckeQ"" alt=""207694492"" dam-content-type=""Image"" />"
"still-extra-048.jpg","103675","103677","cfbJZMLMSzmgDcftRpuZRQ","https://spd-asos.sitecoresandbox.cloud/api/public/content/e7642970bed146178fff85590bfd209a","e7642970bed146178fff85590bfd209a","<Image src=""https://spd-asos.sitecoresandbox.cloud/api/public/content/e7642970bed146178fff85590bfd209a"" dam-id=""cfbJZMLMSzmgDcftRpuZRQ"" alt=""still-extra-048"" dam-content-type=""Image"" />"
"211661678.jpg","102146","102159","W8_LXkBmRSCnJpjGhEs71g","https://spd-asos.sitecoresandbox.cloud/api/public/content/ba2ec798a8cb498d9a334ad1e0f3e270","ba2ec798a8cb498d9a334ad1e0f3e270","<Image src=""https://spd-asos.sitecoresandbox.cloud/api/public/content/ba2ec798a8cb498d9a334ad1e0f3e270"" dam-id=""W8_LXkBmRSCnJpjGhEs71g"" alt=""211661678"" dam-content-type=""Image"" />"
"211328287.jpg","101816","101818","2rh_txgKTsCWzOfdoBTSwg","https://spd-asos.sitecoresandbox.cloud/api/public/content/2613b0d4f0ba4b8ea227a4f5fde025e6","2613b0d4f0ba4b8ea227a4f5fde025e6","<Image src=""https://spd-asos.sitecoresandbox.cloud/api/public/content/2613b0d4f0ba4b8ea227a4f5fde025e6"" dam-id=""2rh_txgKTsCWzOfdoBTSwg"" alt=""211328287"" dam-content-type=""Image"" />"
"still-1519741497674-611481863552.jpg","103052","103054","SZzMpJ-1SVKa_nva33Fvjw","https://spd-asos.sitecoresandbox.cloud/api/public/content/9b801e6fe5b24b0da594fd6a25e25a86","9b801e6fe5b24b0da594fd6a25e25a86","<Image src=""https://spd-asos.sitecoresandbox.cloud/api/public/content/9b801e6fe5b24b0da594fd6a25e25a86"" dam-id=""SZzMpJ-1SVKa_nva33Fvjw"" alt=""still-1519741497674-611481863552"" dam-content-type=""Image"" />"
"still-1487222477894-8943e31ef7b2.jpg","102968","102970","gdqzGRq8QF2HVqENWNAGwQ","https://spd-asos.sitecoresandbox.cloud/api/public/content/2ec8aa0c918c4b9d926e71c01a310df8","2ec8aa0c918c4b9d926e71c01a310df8","<Image src=""https://spd-asos.sitecoresandbox.cloud/api/public/content/2ec8aa0c918c4b9d926e71c01a310df8"" dam-id=""gdqzGRq8QF2HVqENWNAGwQ"" alt=""still-1487222477894-8943e31ef7b2"" dam-content-type=""Image"" />"
"210829226.jpg","101475","101477","W76yNF-TSBiDxWrG3woo8g","https://spd-asos.sitecoresandbox.cloud/api/public/content/aefd1c4dda6a467298f66946432c2fe2","aefd1c4dda6a467298f66946432c2fe2","<Image src=""https://spd-asos.sitecoresandbox.cloud/api/public/content/aefd1c4dda6a467298f66946432c2fe2"" dam-id=""W76yNF-TSBiDxWrG3woo8g"" alt=""210829226"" dam-content-type=""Image"" />"
"211662215.jpg","102317","102319","QmOggRlfQG-6hBzpMO92hA","https://spd-asos.sitecoresandbox.cloud/api/public/content/2c638abf59c7499088c4192a4aee7cc8","2c638abf59c7499088c4192a4aee7cc8","<Image src=""https://spd-asos.sitecoresandbox.cloud/api/public/content/2c638abf59c7499088c4192a4aee7cc8"" dam-id=""QmOggRlfQG-6hBzpMO92hA"" alt=""211662215"" dam-content-type=""Image"" />"
"still-extra-056.jpg","103762","103764","nf7DDdeNS9O76dHia2A36g","https://spd-asos.sitecoresandbox.cloud/api/public/content/8df9c8d991cf4fb696f7e0d8c01c302b","8df9c8d991cf4fb696f7e0d8c01c302b","<Image src=""https://spd-asos.sitecoresandbox.cloud/api/public/content/8df9c8d991cf4fb696f7e0d8c01c302b"" dam-id=""nf7DDdeNS9O76dHia2A36g"" alt=""still-extra-056"" dam-content-type=""Image"" />"
"208678546.jpg","100960","100964","gZi8gLzcSOecfffQerrBnw","https://spd-asos.sitecoresandbox.cloud/api/public/content/2d9c1af7822a4e60886e8a1c3d900be5","2d9c1af7822a4e60886e8a1c3d900be5","<Image src=""https://spd-asos.sitecoresandbox.cloud/api/public/content/2d9c1af7822a4e60886e8a1c3d900be5"" dam-id=""gZi8gLzcSOecfffQerrBnw"" alt=""208678546"" dam-content-type=""Image"" />"
"210943513.jpg","101541","101546","MbFeW6owQ1G6y3zQQwjd9w","https://spd-asos.sitecoresandbox.cloud/api/public/content/1188abf50fea4f66a67537553353e8db","1188abf50fea4f66a67537553353e8db","<Image src=""https://spd-asos.sitecoresandbox.cloud/api/public/content/1188abf50fea4f66a67537553353e8db"" dam-id=""MbFeW6owQ1G6y3zQQwjd9w"" alt=""210943513"" dam-content-type=""Image"" />"
"211347632.jpg","101905","101907","uF1o2mkaStC81DpzB_P8Ww","https://spd-asos.sitecoresandbox.cloud/api/public/content/29291ec2a9f74507869c96f3f16cde99","29291ec2a9f74507869c96f3f16cde99","<Image src=""https://spd-asos.sitecoresandbox.cloud/api/public/content/29291ec2a9f74507869c96f3f16cde99"" dam-id=""uF1o2mkaStC81DpzB_P8Ww"" alt=""211347632"" dam-content-type=""Image"" />"
"still-1541099649105-f69ad21f3246.jpg","103094","103096","ReXauUPGTRGyFUTLgub6Yw","https://spd-asos.sitecoresandbox.cloud/api/public/content/7fe2cbc09734463d88d35b98e3c1cea1","7fe2cbc09734463d88d35b98e3c1cea1","<Image src=""https://spd-asos.sitecoresandbox.cloud/api/public/content/7fe2cbc09734463d88d35b98e3c1cea1"" dam-id=""ReXauUPGTRGyFUTLgub6Yw"" alt=""still-1541099649105-f69ad21f3246"" dam-content-type=""Image"" />"
"211373811.jpg","101953","101957","pX9rQ29VQGOaDJ1JmgO51Q","https://spd-asos.sitecoresandbox.cloud/api/public/content/9d0a0ee18c424005b0f9b475aab28e27","9d0a0ee18c424005b0f9b475aab28e27","<Image src=""https://spd-asos.sitecoresandbox.cloud/api/public/content/9d0a0ee18c424005b0f9b475aab28e27"" dam-id=""pX9rQ29VQGOaDJ1JmgO51Q"" alt=""211373811"" dam-content-type=""Image"" />"
"still-extra-013.jpg","103320","103322","VDYMnbNGQ1OWRflToiUA0g","https://spd-asos.sitecoresandbox.cloud/api/public/content/f34d26703a4c4417bfc30c6712aeffec","f34d26703a4c4417bfc30c6712aeffec","<Image src=""https://spd-asos.sitecoresandbox.cloud/api/public/content/f34d26703a4c4417bfc30c6712aeffec"" dam-id=""VDYMnbNGQ1OWRflToiUA0g"" alt=""still-extra-013"" dam-content-type=""Image"" />"
"still-extra-020.jpg","103396","103398","S0zszSZjRwumPiPw2wGLhg","https://spd-asos.sitecoresandbox.cloud/api/public/content/410df390bb774931bb288aaf9193d835","410df390bb774931bb288aaf9193d835","<Image src=""https://spd-asos.sitecoresandbox.cloud/api/public/content/410df390bb774931bb288aaf9193d835"" dam-id=""S0zszSZjRwumPiPw2wGLhg"" alt=""still-extra-020"" dam-content-type=""Image"" />"
"209642055.jpg","101178","101180","V5AJbxG1S9qMQo_PEUADXQ","https://spd-asos.sitecoresandbox.cloud/api/public/content/0714c5479817426e8cf3b3ac65f67ca8","0714c5479817426e8cf3b3ac65f67ca8","<Image src=""https://spd-asos.sitecoresandbox.cloud/api/public/content/0714c5479817426e8cf3b3ac65f67ca8"" dam-id=""V5AJbxG1S9qMQo_PEUADXQ"" alt=""209642055"" dam-content-type=""Image"" />"
"211793197.jpg","102743","102745","IGUpzJpFSdqH-acJ-LdBGA","https://spd-asos.sitecoresandbox.cloud/api/public/content/69253649ee744493ba06e1b49293dd3f","69253649ee744493ba06e1b49293dd3f","<Image src=""https://spd-asos.sitecoresandbox.cloud/api/public/content/69253649ee744493ba06e1b49293dd3f"" dam-id=""IGUpzJpFSdqH-acJ-LdBGA"" alt=""211793197"" dam-content-type=""Image"" />"
"211688496.jpg","102551","102553","gc1xpMcUT--cv8seCbxr4w","https://spd-asos.sitecoresandbox.cloud/api/public/content/5ed0851551e44506854ff5246ed3749b","5ed0851551e44506854ff5246ed3749b","<Image src=""https://spd-asos.sitecoresandbox.cloud/api/public/content/5ed0851551e44506854ff5246ed3749b"" dam-id=""gc1xpMcUT--cv8seCbxr4w"" alt=""211688496"" dam-content-type=""Image"" />"
"211343321.jpg","101868","101870","kPei_sR1SXC_It1TZrfGoQ","https://spd-asos.sitecoresandbox.cloud/api/public/content/19a1b81645c9423d960b9ae6cc8b3bf3","19a1b81645c9423d960b9ae6cc8b3bf3","<Image src=""https://spd-asos.sitecoresandbox.cloud/api/public/content/19a1b81645c9423d960b9ae6cc8b3bf3"" dam-id=""kPei_sR1SXC_It1TZrfGoQ"" alt=""211343321"" dam-content-type=""Image"" />"
"211431310.jpg","101968","101970","bMFjScU3Td6v9d75CMH9iw","https://spd-asos.sitecoresandbox.cloud/api/public/content/7253c35995ca49a7ad3c8c3bebfc548b","7253c35995ca49a7ad3c8c3bebfc548b","<Image src=""https://spd-asos.sitecoresandbox.cloud/api/public/content/7253c35995ca49a7ad3c8c3bebfc548b"" dam-id=""bMFjScU3Td6v9d75CMH9iw"" alt=""211431310"" dam-content-type=""Image"" />"
"209749063.jpg","101205","101207","K68B_wBBTiSRf4msilkstQ","https://spd-asos.sitecoresandbox.cloud/api/public/content/ba3bb11958114bf68bd48d2424de302a","ba3bb11958114bf68bd48d2424de302a","<Image src=""https://spd-asos.sitecoresandbox.cloud/api/public/content/ba3bb11958114bf68bd48d2424de302a"" dam-id=""K68B_wBBTiSRf4msilkstQ"" alt=""209749063"" dam-content-type=""Image"" />"
"209111433.jpg","101075","101077","MusOfLWNTrGXijspHzQoHQ","https://spd-asos.sitecoresandbox.cloud/api/public/content/a446c1cae6ac4fdfa2e2a3b69ca91861","a446c1cae6ac4fdfa2e2a3b69ca91861","<Image src=""https://spd-asos.sitecoresandbox.cloud/api/public/content/a446c1cae6ac4fdfa2e2a3b69ca91861"" dam-id=""MusOfLWNTrGXijspHzQoHQ"" alt=""209111433"" dam-content-type=""Image"" />"
"211662239.jpg","102338","102340","57Zhx2LlTgeaSywMWMw98A","https://spd-asos.sitecoresandbox.cloud/api/public/content/e932be75c811420cbe1c55ba473a6974","e932be75c811420cbe1c55ba473a6974","<Image src=""https://spd-asos.sitecoresandbox.cloud/api/public/content/e932be75c811420cbe1c55ba473a6974"" dam-id=""57Zhx2LlTgeaSywMWMw98A"" alt=""211662239"" dam-content-type=""Image"" />"
"still-extra-067.jpg","103871","103873","jzvxsSvnRryUJL32hE3zKw","https://spd-asos.sitecoresandbox.cloud/api/public/content/13a0fe42932442d6a8f3b665d356a222","13a0fe42932442d6a8f3b665d356a222","<Image src=""https://spd-asos.sitecoresandbox.cloud/api/public/content/13a0fe42932442d6a8f3b665d356a222"" dam-id=""jzvxsSvnRryUJL32hE3zKw"" alt=""still-extra-067"" dam-content-type=""Image"" />"
"210943347.jpg","101534","101536","F5zJeWiSTZ6NoqJaJLHsdQ","https://spd-asos.sitecoresandbox.cloud/api/public/content/1009f8a422944335930a38a659ffade7","1009f8a422944335930a38a659ffade7","<Image src=""https://spd-asos.sitecoresandbox.cloud/api/public/content/1009f8a422944335930a38a659ffade7"" dam-id=""F5zJeWiSTZ6NoqJaJLHsdQ"" alt=""210943347"" dam-content-type=""Image"" />"
"211434471.jpg","101978","101980","ZOGBNX5HS3ic1xkfdDXu2w","https://spd-asos.sitecoresandbox.cloud/api/public/content/c30dcdbda7504aebb6ad85ee92731780","c30dcdbda7504aebb6ad85ee92731780","<Image src=""https://spd-asos.sitecoresandbox.cloud/api/public/content/c30dcdbda7504aebb6ad85ee92731780"" dam-id=""ZOGBNX5HS3ic1xkfdDXu2w"" alt=""211434471"" dam-content-type=""Image"" />"
"211662642.jpg","102484","102486","1Mxy1H0FSZGpD1hd7DEMXg","https://spd-asos.sitecoresandbox.cloud/api/public/content/e7a936a9e05643d6a4cc4e22be3a74ed","e7a936a9e05643d6a4cc4e22be3a74ed","<Image src=""https://spd-asos.sitecoresandbox.cloud/api/public/content/e7a936a9e05643d6a4cc4e22be3a74ed"" dam-id=""1Mxy1H0FSZGpD1hd7DEMXg"" alt=""211662642"" dam-content-type=""Image"" />"
"still-extra-036.jpg","103557","103559","WZcwx2oKRuWMBHr1Rtzgdw","https://spd-asos.sitecoresandbox.cloud/api/public/content/6d64c759cf1f41c9a86fba8ac508cee4","6d64c759cf1f41c9a86fba8ac508cee4","<Image src=""https://spd-asos.sitecoresandbox.cloud/api/public/content/6d64c759cf1f41c9a86fba8ac508cee4"" dam-id=""WZcwx2oKRuWMBHr1Rtzgdw"" alt=""still-extra-036"" dam-content-type=""Image"" />"
"still-extra-051.jpg","103709","103711","7L7byhQCQYaJ8YkT5Fo0xw","https://spd-asos.sitecoresandbox.cloud/api/public/content/f8c670f17e874bf58505259408f5bcdc","f8c670f17e874bf58505259408f5bcdc","<Image src=""https://spd-asos.sitecoresandbox.cloud/api/public/content/f8c670f17e874bf58505259408f5bcdc"" dam-id=""7L7byhQCQYaJ8YkT5Fo0xw"" alt=""still-extra-051"" dam-content-type=""Image"" />"
"211793181.jpg","102736","102738","41UpZUNaTduEk-TLio8gtw","https://spd-asos.sitecoresandbox.cloud/api/public/content/0641864db08946208c78d1493729dc17","0641864db08946208c78d1493729dc17","<Image src=""https://spd-asos.sitecoresandbox.cloud/api/public/content/0641864db08946208c78d1493729dc17"" dam-id=""41UpZUNaTduEk-TLio8gtw"" alt=""211793181"" dam-content-type=""Image"" />"
"still-extra-029.jpg","103478","103482","NLd5M6eaQkOV2pLGOQY7Og","https://spd-asos.sitecoresandbox.cloud/api/public/content/b3fc7163c7394e7ab3674b2233c3d284","b3fc7163c7394e7ab3674b2233c3d284","<Image src=""https://spd-asos.sitecoresandbox.cloud/api/public/content/b3fc7163c7394e7ab3674b2233c3d284"" dam-id=""NLd5M6eaQkOV2pLGOQY7Og"" alt=""still-extra-029"" dam-content-type=""Image"" />"
"still-1479064555552-3ef4979f8908.jpg","102938","102944","yoW5UCP8Q_WV8Rb3wikMgQ","https://spd-asos.sitecoresandbox.cloud/api/public/content/d810e3414d0340a7b21d8c12ada9089f","d810e3414d0340a7b21d8c12ada9089f","<Image src=""https://spd-asos.sitecoresandbox.cloud/api/public/content/d810e3414d0340a7b21d8c12ada9089f"" dam-id=""yoW5UCP8Q_WV8Rb3wikMgQ"" alt=""still-1479064555552-3ef4979f8908"" dam-content-type=""Image"" />"
"still-extra-022.jpg","103413","103415","FQ4kUIsIQmWs5SoF0kJgWg","https://spd-asos.sitecoresandbox.cloud/api/public/content/846cb29ca21649d281470d148866210b","846cb29ca21649d281470d148866210b","<Image src=""https://spd-asos.sitecoresandbox.cloud/api/public/content/846cb29ca21649d281470d148866210b"" dam-id=""FQ4kUIsIQmWs5SoF0kJgWg"" alt=""still-extra-022"" dam-content-type=""Image"" />"
"210536746.jpg","101322","101324","zCBQdkZyT-mYyk7kbEe_Dg","https://spd-asos.sitecoresandbox.cloud/api/public/content/01bfb6a6387e48ab9aee1a23a447e2df","01bfb6a6387e48ab9aee1a23a447e2df","<Image src=""https://spd-asos.sitecoresandbox.cloud/api/public/content/01bfb6a6387e48ab9aee1a23a447e2df"" dam-id=""zCBQdkZyT-mYyk7kbEe_Dg"" alt=""210536746"" dam-content-type=""Image"" />"
"210967877.jpg","101558","101560","Fh4FJTk1TQ-OS9dy_yaC4Q","https://spd-asos.sitecoresandbox.cloud/api/public/content/94beb303429849e48454006d61f87e9c","94beb303429849e48454006d61f87e9c","<Image src=""https://spd-asos.sitecoresandbox.cloud/api/public/content/94beb303429849e48454006d61f87e9c"" dam-id=""Fh4FJTk1TQ-OS9dy_yaC4Q"" alt=""210967877"" dam-content-type=""Image"" />"
"208921378.jpg","101033","101035","lFziBtmIQs6gxhlPwPf8vw","https://spd-asos.sitecoresandbox.cloud/api/public/content/1785737fffe34cb7857a291e074b9347","1785737fffe34cb7857a291e074b9347","<Image src=""https://spd-asos.sitecoresandbox.cloud/api/public/content/1785737fffe34cb7857a291e074b9347"" dam-id=""lFziBtmIQs6gxhlPwPf8vw"" alt=""208921378"" dam-content-type=""Image"" />"
"211662732.jpg","102508","102510","NiGPtQ8yS3eFKHZxuB331Q","https://spd-asos.sitecoresandbox.cloud/api/public/content/1ffb214155f24bbfa73b16b5d6784024","1ffb214155f24bbfa73b16b5d6784024","<Image src=""https://spd-asos.sitecoresandbox.cloud/api/public/content/1ffb214155f24bbfa73b16b5d6784024"" dam-id=""NiGPtQ8yS3eFKHZxuB331Q"" alt=""211662732"" dam-content-type=""Image"" />"
"trend-4.jpg","103987","103990","IMJi2S58SpmErHOCQghMCQ","https://spd-asos.sitecoresandbox.cloud/api/public/content/6de99c5711f3488b8f24f94411bacbb6","6de99c5711f3488b8f24f94411bacbb6","<Image src=""https://spd-asos.sitecoresandbox.cloud/api/public/content/6de99c5711f3488b8f24f94411bacbb6"" dam-id=""IMJi2S58SpmErHOCQghMCQ"" alt=""trend-4"" dam-content-type=""Image"" />"
"211062645.jpg","101608","101610","XZqtLtKeRm6RTRl7tYvK2Q","https://spd-asos.sitecoresandbox.cloud/api/public/content/8a181cb1b4624cdd84223e6fb1a0109e","8a181cb1b4624cdd84223e6fb1a0109e","<Image src=""https://spd-asos.sitecoresandbox.cloud/api/public/content/8a181cb1b4624cdd84223e6fb1a0109e"" dam-id=""XZqtLtKeRm6RTRl7tYvK2Q"" alt=""211062645"" dam-content-type=""Image"" />"
"trend-6.jpg","104006","104010","fRJ7a5r9Qk-A6dsPuSYPRA","https://spd-asos.sitecoresandbox.cloud/api/public/content/f663da476be34c299e39f0c53e4d4131","f663da476be34c299e39f0c53e4d4131","<Image src=""https://spd-asos.sitecoresandbox.cloud/api/public/content/f663da476be34c299e39f0c53e4d4131"" dam-id=""fRJ7a5r9Qk-A6dsPuSYPRA"" alt=""trend-6"" dam-content-type=""Image"" />"
"still-1529139574466-a303027c1d8b.jpg","103068","103071","vIAgmFx3QX-nDoaZOTy9Jg","https://spd-asos.sitecoresandbox.cloud/api/public/content/366c7ddff7a845e8a5d24934e0636dce","366c7ddff7a845e8a5d24934e0636dce","<Image src=""https://spd-asos.sitecoresandbox.cloud/api/public/content/366c7ddff7a845e8a5d24934e0636dce"" dam-id=""vIAgmFx3QX-nDoaZOTy9Jg"" alt=""still-1529139574466-a303027c1d8b"" dam-content-type=""Image"" />"
"still-1441986300917-64674bd600d8.jpg","102901","102904","tt6M64cLSSaJMT1fr0dhHw","https://spd-asos.sitecoresandbox.cloud/api/public/content/9e4699b8569047a091d7937e8d5ecb72","9e4699b8569047a091d7937e8d5ecb72","<Image src=""https://spd-asos.sitecoresandbox.cloud/api/public/content/9e4699b8569047a091d7937e8d5ecb72"" dam-id=""tt6M64cLSSaJMT1fr0dhHw"" alt=""still-1441986300917-64674bd600d8"" dam-content-type=""Image"" />"
"210896804.jpg","101498","101500","25v3JxW2SZ2SbsmMJxwuEQ","https://spd-asos.sitecoresandbox.cloud/api/public/content/b3b7836bf1d049a1b152856d4f29035b","b3b7836bf1d049a1b152856d4f29035b","<Image src=""https://spd-asos.sitecoresandbox.cloud/api/public/content/b3b7836bf1d049a1b152856d4f29035b"" dam-id=""25v3JxW2SZ2SbsmMJxwuEQ"" alt=""210896804"" dam-content-type=""Image"" />"
"209317652.jpg","101139","101141","2wtjnlK0Tf-bLMeVVaDIPA","https://spd-asos.sitecoresandbox.cloud/api/public/content/81f47a19fa5745018633329f75d1f8ef","81f47a19fa5745018633329f75d1f8ef","<Image src=""https://spd-asos.sitecoresandbox.cloud/api/public/content/81f47a19fa5745018633329f75d1f8ef"" dam-id=""2wtjnlK0Tf-bLMeVVaDIPA"" alt=""209317652"" dam-content-type=""Image"" />"
"still-extra-047.jpg","103667","103669","hGYwxsVSTvGchWMhunwK3Q","https://spd-asos.sitecoresandbox.cloud/api/public/content/8e1514c0242a48c28bdd2448d66bc08e","8e1514c0242a48c28bdd2448d66bc08e","<Image src=""https://spd-asos.sitecoresandbox.cloud/api/public/content/8e1514c0242a48c28bdd2448d66bc08e"" dam-id=""hGYwxsVSTvGchWMhunwK3Q"" alt=""still-extra-047"" dam-content-type=""Image"" />"
"210741429.jpg","101422","101424","OsBNf-8dRC-FmpYpB4i4Jw","https://spd-asos.sitecoresandbox.cloud/api/public/content/1a23ae1c9d1f4368a2f978043e36cd80","1a23ae1c9d1f4368a2f978043e36cd80","<Image src=""https://spd-asos.sitecoresandbox.cloud/api/public/content/1a23ae1c9d1f4368a2f978043e36cd80"" dam-id=""OsBNf-8dRC-FmpYpB4i4Jw"" alt=""210741429"" dam-content-type=""Image"" />"
"still-1544441893-675973e31985.jpg","103099","103101","r7XvyXHsTdWdTn3ErR-bfQ","https://spd-asos.sitecoresandbox.cloud/api/public/content/6c9f8ba832d243988bc4c1672e425098","6c9f8ba832d243988bc4c1672e425098","<Image src=""https://spd-asos.sitecoresandbox.cloud/api/public/content/6c9f8ba832d243988bc4c1672e425098"" dam-id=""r7XvyXHsTdWdTn3ErR-bfQ"" alt=""still-1544441893-675973e31985"" dam-content-type=""Image"" />"
"211378554.jpg","101961","101963","mNVdwx6zTD6KPIAceRpiCQ","https://spd-asos.sitecoresandbox.cloud/api/public/content/bc51bbd0cf3f4bbdb76c866a7e20900c","bc51bbd0cf3f4bbdb76c866a7e20900c","<Image src=""https://spd-asos.sitecoresandbox.cloud/api/public/content/bc51bbd0cf3f4bbdb76c866a7e20900c"" dam-id=""mNVdwx6zTD6KPIAceRpiCQ"" alt=""211378554"" dam-content-type=""Image"" />"
"still-extra-004.jpg","103228","103230","25gXG0TLT0yVNDWb_aUBAw","https://spd-asos.sitecoresandbox.cloud/api/public/content/f15c3a74338e4c36b5ef9719726d01d7","f15c3a74338e4c36b5ef9719726d01d7","<Image src=""https://spd-asos.sitecoresandbox.cloud/api/public/content/f15c3a74338e4c36b5ef9719726d01d7"" dam-id=""25gXG0TLT0yVNDWb_aUBAw"" alt=""still-extra-004"" dam-content-type=""Image"" />"
"still-extra-065.jpg","103850","103854","ZG5Iha3QRjmTDQ9vRyT8ow","https://spd-asos.sitecoresandbox.cloud/api/public/content/8ac0054b4e88452e914bf7d860c491ae","8ac0054b4e88452e914bf7d860c491ae","<Image src=""https://spd-asos.sitecoresandbox.cloud/api/public/content/8ac0054b4e88452e914bf7d860c491ae"" dam-id=""ZG5Iha3QRjmTDQ9vRyT8ow"" alt=""still-extra-065"" dam-content-type=""Image"" />"
"211662021.jpg","102224","102226","OI7HU72wT5uB1Irl8sldug","https://spd-asos.sitecoresandbox.cloud/api/public/content/ca034f61cf0e4b1dbaa7f9025edb7f7f","ca034f61cf0e4b1dbaa7f9025edb7f7f","<Image src=""https://spd-asos.sitecoresandbox.cloud/api/public/content/ca034f61cf0e4b1dbaa7f9025edb7f7f"" dam-id=""OI7HU72wT5uB1Irl8sldug"" alt=""211662021"" dam-content-type=""Image"" />"
"210896951.jpg","101506","101510","hDb_V7Y8Ttu3hdIU-uHe8w","https://spd-asos.sitecoresandbox.cloud/api/public/content/1b7e857639964e1ab4790ef52b110f83","1b7e857639964e1ab4790ef52b110f83","<Image src=""https://spd-asos.sitecoresandbox.cloud/api/public/content/1b7e857639964e1ab4790ef52b110f83"" dam-id=""hDb_V7Y8Ttu3hdIU-uHe8w"" alt=""210896951"" dam-content-type=""Image"" />"
"211662326.jpg","102369","102371","amZBQjzRRV-xSRUlhBgdQg","https://spd-asos.sitecoresandbox.cloud/api/public/content/0e322b7323de4782b181253f476c2762","0e322b7323de4782b181253f476c2762","<Image src=""https://spd-asos.sitecoresandbox.cloud/api/public/content/0e322b7323de4782b181253f476c2762"" dam-id=""amZBQjzRRV-xSRUlhBgdQg"" alt=""211662326"" dam-content-type=""Image"" />"
"still-extra-055.jpg","103751","103755","JwxxCdkcRiC7uDXFpvF-mg","https://spd-asos.sitecoresandbox.cloud/api/public/content/ccafaed626584fecb74c1629e6b34967","ccafaed626584fecb74c1629e6b34967","<Image src=""https://spd-asos.sitecoresandbox.cloud/api/public/content/ccafaed626584fecb74c1629e6b34967"" dam-id=""JwxxCdkcRiC7uDXFpvF-mg"" alt=""still-extra-055"" dam-content-type=""Image"" />"
"still-1551488831-00ddcb6c6bd3.jpg","103118","103120","otfAmr1eRzCTGaq6bXVMmw","https://spd-asos.sitecoresandbox.cloud/api/public/content/3fa6b7da06d3448bbb8c0fffd6dc5d5b","3fa6b7da06d3448bbb8c0fffd6dc5d5b","<Image src=""https://spd-asos.sitecoresandbox.cloud/api/public/content/3fa6b7da06d3448bbb8c0fffd6dc5d5b"" dam-id=""otfAmr1eRzCTGaq6bXVMmw"" alt=""still-1551488831-00ddcb6c6bd3"" dam-content-type=""Image"" />"
"211661939.jpg","102204","102206","Lh9ikdVMQbiE56bfKJZv9g","https://spd-asos.sitecoresandbox.cloud/api/public/content/ff3f7dd6943c451c882d047beedd40ab","ff3f7dd6943c451c882d047beedd40ab","<Image src=""https://spd-asos.sitecoresandbox.cloud/api/public/content/ff3f7dd6943c451c882d047beedd40ab"" dam-id=""Lh9ikdVMQbiE56bfKJZv9g"" alt=""211661939"" dam-content-type=""Image"" />"
"still-extra-039.jpg","103580","103582","yNjblZ1ETyyZZwTUtbSHrw","https://spd-asos.sitecoresandbox.cloud/api/public/content/cc7a9adc35d64691b5dd64aa08200bc1","cc7a9adc35d64691b5dd64aa08200bc1","<Image src=""https://spd-asos.sitecoresandbox.cloud/api/public/content/cc7a9adc35d64691b5dd64aa08200bc1"" dam-id=""yNjblZ1ETyyZZwTUtbSHrw"" alt=""still-extra-039"" dam-content-type=""Image"" />"
"still-extra-018.jpg","103370","103372","xq4rub9kRjenTLWNXo_XuQ","https://spd-asos.sitecoresandbox.cloud/api/public/content/444e0404bba74ba8b62f9fa634550590","444e0404bba74ba8b62f9fa634550590","<Image src=""https://spd-asos.sitecoresandbox.cloud/api/public/content/444e0404bba74ba8b62f9fa634550590"" dam-id=""xq4rub9kRjenTLWNXo_XuQ"" alt=""still-extra-018"" dam-content-type=""Image"" />"
"211036651.jpg","101599","101602","AEqoYwBMTWyeXNMH_OKiXQ","https://spd-asos.sitecoresandbox.cloud/api/public/content/66d3dbc6dcdb4dbca2dd6f0f0a86abe0","66d3dbc6dcdb4dbca2dd6f0f0a86abe0","<Image src=""https://spd-asos.sitecoresandbox.cloud/api/public/content/66d3dbc6dcdb4dbca2dd6f0f0a86abe0"" dam-id=""AEqoYwBMTWyeXNMH_OKiXQ"" alt=""211036651"" dam-content-type=""Image"" />"
"211662677.jpg","102490","102492","Z48CGMwvSh-nciZG1REP1w","https://spd-asos.sitecoresandbox.cloud/api/public/content/2904396dd03849369c806c89643aae43","2904396dd03849369c806c89643aae43","<Image src=""https://spd-asos.sitecoresandbox.cloud/api/public/content/2904396dd03849369c806c89643aae43"" dam-id=""Z48CGMwvSh-nciZG1REP1w"" alt=""211662677"" dam-content-type=""Image"" />"
"210772425.jpg","101446","101448","ihn5IwmDTx2KZq0T9WFNUw","https://spd-asos.sitecoresandbox.cloud/api/public/content/044a89c1a8374aafbab7245d30924ad4","044a89c1a8374aafbab7245d30924ad4","<Image src=""https://spd-asos.sitecoresandbox.cloud/api/public/content/044a89c1a8374aafbab7245d30924ad4"" dam-id=""ihn5IwmDTx2KZq0T9WFNUw"" alt=""210772425"" dam-content-type=""Image"" />"
"208249509.jpg","100953","100955","-t3VdwI3QfqECTL9raxW6A","https://spd-asos.sitecoresandbox.cloud/api/public/content/c418d3f35d4f4a5e829cb359a0e9f247","c418d3f35d4f4a5e829cb359a0e9f247","<Image src=""https://spd-asos.sitecoresandbox.cloud/api/public/content/c418d3f35d4f4a5e829cb359a0e9f247"" dam-id=""-t3VdwI3QfqECTL9raxW6A"" alt=""208249509"" dam-content-type=""Image"" />"
"men-layers.jpg","102879","102881","8IDVbvHnQjKYi7ix5E5GDQ","https://spd-asos.sitecoresandbox.cloud/api/public/content/111541f66cb0454dac789a3c6a2720c2","111541f66cb0454dac789a3c6a2720c2","<Image src=""https://spd-asos.sitecoresandbox.cloud/api/public/content/111541f66cb0454dac789a3c6a2720c2"" dam-id=""8IDVbvHnQjKYi7ix5E5GDQ"" alt=""men-layers"" dam-content-type=""Image"" />"
"211321548.jpg","101791","101793","GGr-4lrlSQiY1F-9rLu5hw","https://spd-asos.sitecoresandbox.cloud/api/public/content/8817e95a05b84a5b8a665c4b6957ecb1","8817e95a05b84a5b8a665c4b6957ecb1","<Image src=""https://spd-asos.sitecoresandbox.cloud/api/public/content/8817e95a05b84a5b8a665c4b6957ecb1"" dam-id=""GGr-4lrlSQiY1F-9rLu5hw"" alt=""211321548"" dam-content-type=""Image"" />"
"still-extra-012.jpg","103313","103315","4JbLhvAfTbSmkXGCF6KlFg","https://spd-asos.sitecoresandbox.cloud/api/public/content/ed0e69a9c38f4996bbcba685d06ae3c5","ed0e69a9c38f4996bbcba685d06ae3c5","<Image src=""https://spd-asos.sitecoresandbox.cloud/api/public/content/ed0e69a9c38f4996bbcba685d06ae3c5"" dam-id=""4JbLhvAfTbSmkXGCF6KlFg"" alt=""still-extra-012"" dam-content-type=""Image"" />"
"211792860.jpg","102652","102654","auOPkUr-R5SKP-RjSBHkfA","https://spd-asos.sitecoresandbox.cloud/api/public/content/8303e9cc279c47e0b10e95942019f2f8","8303e9cc279c47e0b10e95942019f2f8","<Image src=""https://spd-asos.sitecoresandbox.cloud/api/public/content/8303e9cc279c47e0b10e95942019f2f8"" dam-id=""auOPkUr-R5SKP-RjSBHkfA"" alt=""211792860"" dam-content-type=""Image"" />"
"211662405.jpg","102403","102405","SjZOKEvsQSSTf6oCGCrXBg","https://spd-asos.sitecoresandbox.cloud/api/public/content/a6b69f0763e34d04970567d23ecb8d47","a6b69f0763e34d04970567d23ecb8d47","<Image src=""https://spd-asos.sitecoresandbox.cloud/api/public/content/a6b69f0763e34d04970567d23ecb8d47"" dam-id=""SjZOKEvsQSSTf6oCGCrXBg"" alt=""211662405"" dam-content-type=""Image"" />"
"209176276.jpg","101098","101102","xxYVELnkQqWvl6y5aBCmYQ","https://spd-asos.sitecoresandbox.cloud/api/public/content/cf190597e6344208a4f5f0509e75b46c","cf190597e6344208a4f5f0509e75b46c","<Image src=""https://spd-asos.sitecoresandbox.cloud/api/public/content/cf190597e6344208a4f5f0509e75b46c"" dam-id=""xxYVELnkQqWvl6y5aBCmYQ"" alt=""209176276"" dam-content-type=""Image"" />"
"211449547.jpg","102007","102009","og3nrI2cRy2NaIq_PSAkyQ","https://spd-asos.sitecoresandbox.cloud/api/public/content/372bbce5459a415cabb622d679a93940","372bbce5459a415cabb622d679a93940","<Image src=""https://spd-asos.sitecoresandbox.cloud/api/public/content/372bbce5459a415cabb622d679a93940"" dam-id=""og3nrI2cRy2NaIq_PSAkyQ"" alt=""211449547"" dam-content-type=""Image"" />"
"211009714.jpg","101584","101586","onS6kYm3RFisR4_HmG5MrQ","https://spd-asos.sitecoresandbox.cloud/api/public/content/50aa3c4698a04f969c3e14a18c333300","50aa3c4698a04f969c3e14a18c333300","<Image src=""https://spd-asos.sitecoresandbox.cloud/api/public/content/50aa3c4698a04f969c3e14a18c333300"" dam-id=""onS6kYm3RFisR4_HmG5MrQ"" alt=""211009714"" dam-content-type=""Image"" />"
"211662124.jpg","102283","102285","iBvvMqaISsaVO5UxtVcauw","https://spd-asos.sitecoresandbox.cloud/api/public/content/90b27dc6ed684150b1f9907a1606bb0c","90b27dc6ed684150b1f9907a1606bb0c","<Image src=""https://spd-asos.sitecoresandbox.cloud/api/public/content/90b27dc6ed684150b1f9907a1606bb0c"" dam-id=""iBvvMqaISsaVO5UxtVcauw"" alt=""211662124"" dam-content-type=""Image"" />"
"210565991.jpg","101329","101332","Lv36LQQ0TN-TZZG6LGEaiQ","https://spd-asos.sitecoresandbox.cloud/api/public/content/8da735ae9fa54eafbbd000990ea45291","8da735ae9fa54eafbbd000990ea45291","<Image src=""https://spd-asos.sitecoresandbox.cloud/api/public/content/8da735ae9fa54eafbbd000990ea45291"" dam-id=""Lv36LQQ0TN-TZZG6LGEaiQ"" alt=""210565991"" dam-content-type=""Image"" />"
"211246084.jpg","101739","101741","5hNyyFphTQGWLZwd_MqBFA","https://spd-asos.sitecoresandbox.cloud/api/public/content/5f4c3b51242a4383a6825efca51ebc85","5f4c3b51242a4383a6825efca51ebc85","<Image src=""https://spd-asos.sitecoresandbox.cloud/api/public/content/5f4c3b51242a4383a6825efca51ebc85"" dam-id=""5hNyyFphTQGWLZwd_MqBFA"" alt=""211246084"" dam-content-type=""Image"" />"
"211662177.jpg","102298","102301","DOGt_OrtQc6TkbHT7kq3PQ","https://spd-asos.sitecoresandbox.cloud/api/public/content/ba2ecc7ccdb846c4883d0eb007e45a4c","ba2ecc7ccdb846c4883d0eb007e45a4c","<Image src=""https://spd-asos.sitecoresandbox.cloud/api/public/content/ba2ecc7ccdb846c4883d0eb007e45a4c"" dam-id=""DOGt_OrtQc6TkbHT7kq3PQ"" alt=""211662177"" dam-content-type=""Image"" />"
"style-footwear.jpg","103906","103909","8UT597EjSBWdQEDFSBRxiA","https://spd-asos.sitecoresandbox.cloud/api/public/content/ca4e3b738aee4ddb8dd1541e28faa3fd","ca4e3b738aee4ddb8dd1541e28faa3fd","<Image src=""https://spd-asos.sitecoresandbox.cloud/api/public/content/ca4e3b738aee4ddb8dd1541e28faa3fd"" dam-id=""8UT597EjSBWdQEDFSBRxiA"" alt=""style-footwear"" dam-content-type=""Image"" />"
"still-extra-061.jpg","103814","103818","67NgvwbHTRqB7FT9jeLG-w","https://spd-asos.sitecoresandbox.cloud/api/public/content/5e36eb44d71043f5acb6d7acd2962e2c","5e36eb44d71043f5acb6d7acd2962e2c","<Image src=""https://spd-asos.sitecoresandbox.cloud/api/public/content/5e36eb44d71043f5acb6d7acd2962e2c"" dam-id=""67NgvwbHTRqB7FT9jeLG-w"" alt=""still-extra-061"" dam-content-type=""Image"" />"
"211662282.jpg","102346","102348","4u23jOjXRj6Ggqc3FWhKpA","https://spd-asos.sitecoresandbox.cloud/api/public/content/db4f6fc92a0a476a85fe84ff4bbed6fc","db4f6fc92a0a476a85fe84ff4bbed6fc","<Image src=""https://spd-asos.sitecoresandbox.cloud/api/public/content/db4f6fc92a0a476a85fe84ff4bbed6fc"" dam-id=""4u23jOjXRj6Ggqc3FWhKpA"" alt=""211662282"" dam-content-type=""Image"" />"
"still-1469334031218-e382a71b716b.jpg","102919","102921","6bvas35jTZiYZQb0-hZJ9A","https://spd-asos.sitecoresandbox.cloud/api/public/content/2bd9124d96b54826b849c1144793059e","2bd9124d96b54826b849c1144793059e","<Image src=""https://spd-asos.sitecoresandbox.cloud/api/public/content/2bd9124d96b54826b849c1144793059e"" dam-id=""6bvas35jTZiYZQb0-hZJ9A"" alt=""still-1469334031218-e382a71b716b"" dam-content-type=""Image"" />"
"211587425.jpg","102068","102070","G2vKNxAiTF-Ffaoggw5Wjg","https://spd-asos.sitecoresandbox.cloud/api/public/content/404c05c79a194c9ca4146ffafb19a014","404c05c79a194c9ca4146ffafb19a014","<Image src=""https://spd-asos.sitecoresandbox.cloud/api/public/content/404c05c79a194c9ca4146ffafb19a014"" dam-id=""G2vKNxAiTF-Ffaoggw5Wjg"" alt=""211587425"" dam-content-type=""Image"" />"
"211373810.jpg","101944","101946","XdeRVNDHT1ON0Sm1WdUejw","https://spd-asos.sitecoresandbox.cloud/api/public/content/30c5132addfc4d439c20f632e6b49305","30c5132addfc4d439c20f632e6b49305","<Image src=""https://spd-asos.sitecoresandbox.cloud/api/public/content/30c5132addfc4d439c20f632e6b49305"" dam-id=""XdeRVNDHT1ON0Sm1WdUejw"" alt=""211373810"" dam-content-type=""Image"" />"
"still-extra-068.jpg","103878","103880","-fqq6hYrTMiKHjk0Q2xEgQ","https://spd-asos.sitecoresandbox.cloud/api/public/content/3fee9da684ee494c83990b4538831c03","3fee9da684ee494c83990b4538831c03","<Image src=""https://spd-asos.sitecoresandbox.cloud/api/public/content/3fee9da684ee494c83990b4538831c03"" dam-id=""-fqq6hYrTMiKHjk0Q2xEgQ"" alt=""still-extra-068"" dam-content-type=""Image"" />"
"211661859.jpg","102188","102190","KqhukpsvQy6Ofvpx7mI-Vg","https://spd-asos.sitecoresandbox.cloud/api/public/content/2c6becb24a5640c1b8fd7a97f5d52335","2c6becb24a5640c1b8fd7a97f5d52335","<Image src=""https://spd-asos.sitecoresandbox.cloud/api/public/content/2c6becb24a5640c1b8fd7a97f5d52335"" dam-id=""KqhukpsvQy6Ofvpx7mI-Vg"" alt=""211661859"" dam-content-type=""Image"" />"
"still-extra-024.jpg","103429","103441","XXl1Tx3HRAKb9no4bL8D2g","https://spd-asos.sitecoresandbox.cloud/api/public/content/9dd08b2dc3c8482f94249ab58f7a624d","9dd08b2dc3c8482f94249ab58f7a624d","<Image src=""https://spd-asos.sitecoresandbox.cloud/api/public/content/9dd08b2dc3c8482f94249ab58f7a624d"" dam-id=""XXl1Tx3HRAKb9no4bL8D2g"" alt=""still-extra-024"" dam-content-type=""Image"" />"
"still-extra-044.jpg","103631","103633","LHv8ckArSCmM83Wyav7olQ","https://spd-asos.sitecoresandbox.cloud/api/public/content/ffc285b6a36b4228901917f572e48e4d","ffc285b6a36b4228901917f572e48e4d","<Image src=""https://spd-asos.sitecoresandbox.cloud/api/public/content/ffc285b6a36b4228901917f572e48e4d"" dam-id=""LHv8ckArSCmM83Wyav7olQ"" alt=""still-extra-044"" dam-content-type=""Image"" />"
"208850795.jpg","101007","101009","WUaw6mhcTiKLavNI_elKtA","https://spd-asos.sitecoresandbox.cloud/api/public/content/0cda93d7dd9f468bbbe0942e565d2066","0cda93d7dd9f468bbbe0942e565d2066","<Image src=""https://spd-asos.sitecoresandbox.cloud/api/public/content/0cda93d7dd9f468bbbe0942e565d2066"" dam-id=""WUaw6mhcTiKLavNI_elKtA"" alt=""208850795"" dam-content-type=""Image"" />"
"209642058.jpg","101187","101189","oEK3dCDPTTGSy3v8ApZhiQ","https://spd-asos.sitecoresandbox.cloud/api/public/content/a9bbeedf532e4534bc643c4cda09cbfd","a9bbeedf532e4534bc643c4cda09cbfd","<Image src=""https://spd-asos.sitecoresandbox.cloud/api/public/content/a9bbeedf532e4534bc643c4cda09cbfd"" dam-id=""oEK3dCDPTTGSy3v8ApZhiQ"" alt=""209642058"" dam-content-type=""Image"" />"
"still-extra-043.jpg","103623","103625","O8oPFX_HSJiI-CVuoS8Kqg","https://spd-asos.sitecoresandbox.cloud/api/public/content/eb994af00103445ca58b582db27e40b2","eb994af00103445ca58b582db27e40b2","<Image src=""https://spd-asos.sitecoresandbox.cloud/api/public/content/eb994af00103445ca58b582db27e40b2"" dam-id=""O8oPFX_HSJiI-CVuoS8Kqg"" alt=""still-extra-043"" dam-content-type=""Image"" />"
"210896787.jpg","101490","101492","_uhCqiXoQ42MpAfFckSfRw","https://spd-asos.sitecoresandbox.cloud/api/public/content/46f37eedf1e44aaab07e8d358b9a9c0b","46f37eedf1e44aaab07e8d358b9a9c0b","<Image src=""https://spd-asos.sitecoresandbox.cloud/api/public/content/46f37eedf1e44aaab07e8d358b9a9c0b"" dam-id=""_uhCqiXoQ42MpAfFckSfRw"" alt=""210896787"" dam-content-type=""Image"" />"
"trend-2.jpg","103964","103967","mkIjQ5DnT6-5iNml5k19Gw","https://spd-asos.sitecoresandbox.cloud/api/public/content/48131e11a75a444fb285b5dce0ba7f91","48131e11a75a444fb285b5dce0ba7f91","<Image src=""https://spd-asos.sitecoresandbox.cloud/api/public/content/48131e11a75a444fb285b5dce0ba7f91"" dam-id=""mkIjQ5DnT6-5iNml5k19Gw"" alt=""trend-2"" dam-content-type=""Image"" />"
"still-1467043153537-a4fba2cd39ef.jpg","102909","102911","P-PDdegCS3C9AxsjEfYCSA","https://spd-asos.sitecoresandbox.cloud/api/public/content/89cc4cc527c549da9674633ac8046190","89cc4cc527c549da9674633ac8046190","<Image src=""https://spd-asos.sitecoresandbox.cloud/api/public/content/89cc4cc527c549da9674633ac8046190"" dam-id=""P-PDdegCS3C9AxsjEfYCSA"" alt=""still-1467043153537-a4fba2cd39ef"" dam-content-type=""Image"" />"
"asos-logo-white.png","102767","102769","ROkhtpEVQIi0rrNLtkgz4A","https://spd-asos.sitecoresandbox.cloud/api/public/content/d8a8a40a6f1441b8b633081e7470faea","d8a8a40a6f1441b8b633081e7470faea","<Image src=""https://spd-asos.sitecoresandbox.cloud/api/public/content/d8a8a40a6f1441b8b633081e7470faea"" dam-id=""ROkhtpEVQIi0rrNLtkgz4A"" alt=""asos-logo-white"" dam-content-type=""Image"" />"
"211314892.jpg","101765","101767","pm-VfHauQ0yohPUz-dEAtA","https://spd-asos.sitecoresandbox.cloud/api/public/content/b13fedf1a39d490f8e01e12948eb3757","b13fedf1a39d490f8e01e12948eb3757","<Image src=""https://spd-asos.sitecoresandbox.cloud/api/public/content/b13fedf1a39d490f8e01e12948eb3757"" dam-id=""pm-VfHauQ0yohPUz-dEAtA"" alt=""211314892"" dam-content-type=""Image"" />"
"211328388.jpg","101822","101826","zrwonR5aQku9muMgwJeeBw","https://spd-asos.sitecoresandbox.cloud/api/public/content/c6ee5052c82949c19b4b64258f7a03e4","c6ee5052c82949c19b4b64258f7a03e4","<Image src=""https://spd-asos.sitecoresandbox.cloud/api/public/content/c6ee5052c82949c19b4b64258f7a03e4"" dam-id=""zrwonR5aQku9muMgwJeeBw"" alt=""211328388"" dam-content-type=""Image"" />"
"still-extra-015.jpg","103345","103347","zTSZjslEQtyg9DmUDWgc6g","https://spd-asos.sitecoresandbox.cloud/api/public/content/4c4e54fb813a48049c3548040a022975","4c4e54fb813a48049c3548040a022975","<Image src=""https://spd-asos.sitecoresandbox.cloud/api/public/content/4c4e54fb813a48049c3548040a022975"" dam-id=""zTSZjslEQtyg9DmUDWgc6g"" alt=""still-extra-015"" dam-content-type=""Image"" />"
"211343373.jpg","101884","101886","OZVxOZ8CRdeTjDlVQR3XrA","https://spd-asos.sitecoresandbox.cloud/api/public/content/55a46954583b49b5b49bd6ccfcb592cb","55a46954583b49b5b49bd6ccfcb592cb","<Image src=""https://spd-asos.sitecoresandbox.cloud/api/public/content/55a46954583b49b5b49bd6ccfcb592cb"" dam-id=""OZVxOZ8CRdeTjDlVQR3XrA"" alt=""211343373"" dam-content-type=""Image"" />"
"still-1475180098004-ca77a66827be.jpg","102931","102933","g8cG3mxMQWW5TlPhq2Nxnw","https://spd-asos.sitecoresandbox.cloud/api/public/content/572ffa5326cf4024ae9886c5a5a28fe5","572ffa5326cf4024ae9886c5a5a28fe5","<Image src=""https://spd-asos.sitecoresandbox.cloud/api/public/content/572ffa5326cf4024ae9886c5a5a28fe5"" dam-id=""g8cG3mxMQWW5TlPhq2Nxnw"" alt=""still-1475180098004-ca77a66827be"" dam-content-type=""Image"" />"
"cat-151301892.jpg","102794","102796","CzAKesDJRMygCnlUGgL9qg","https://spd-asos.sitecoresandbox.cloud/api/public/content/f10a636850f04095b9ea6a0e1814febd","f10a636850f04095b9ea6a0e1814febd","<Image src=""https://spd-asos.sitecoresandbox.cloud/api/public/content/f10a636850f04095b9ea6a0e1814febd"" dam-id=""CzAKesDJRMygCnlUGgL9qg"" alt=""cat-151301892"" dam-content-type=""Image"" />"
"211662172.jpg","102290","102292","Cm-xT-wARMmhVBB-0nKv1A","https://spd-asos.sitecoresandbox.cloud/api/public/content/ba8251425468459d9722c7867a2a30f9","ba8251425468459d9722c7867a2a30f9","<Image src=""https://spd-asos.sitecoresandbox.cloud/api/public/content/ba8251425468459d9722c7867a2a30f9"" dam-id=""Cm-xT-wARMmhVBB-0nKv1A"" alt=""211662172"" dam-content-type=""Image"" />"
"still-extra-026.jpg","103454","103456","plPdhCfqSxiAaXp4M7SXKA","https://spd-asos.sitecoresandbox.cloud/api/public/content/ed610e9ddf0d4ebc8db372d38cc0e597","ed610e9ddf0d4ebc8db372d38cc0e597","<Image src=""https://spd-asos.sitecoresandbox.cloud/api/public/content/ed610e9ddf0d4ebc8db372d38cc0e597"" dam-id=""plPdhCfqSxiAaXp4M7SXKA"" alt=""still-extra-026"" dam-content-type=""Image"" />"
"211792611.jpg","102586","102588","Tt5OG1GQQc2y4XeYLcbkuw","https://spd-asos.sitecoresandbox.cloud/api/public/content/ef2806a2284a4b0083734c486bed11b4","ef2806a2284a4b0083734c486bed11b4","<Image src=""https://spd-asos.sitecoresandbox.cloud/api/public/content/ef2806a2284a4b0083734c486bed11b4"" dam-id=""Tt5OG1GQQc2y4XeYLcbkuw"" alt=""211792611"" dam-content-type=""Image"" />"
"204674235.jpg","100886","100888","udvRal4qR-WoFekNwdNatw","https://spd-asos.sitecoresandbox.cloud/api/public/content/bc5d2fdbf1344c7ebaf962b6ad17ee28","bc5d2fdbf1344c7ebaf962b6ad17ee28","<Image src=""https://spd-asos.sitecoresandbox.cloud/api/public/content/bc5d2fdbf1344c7ebaf962b6ad17ee28"" dam-id=""udvRal4qR-WoFekNwdNatw"" alt=""204674235"" dam-content-type=""Image"" />"
"210753919.jpg","101438","101440","ZFC4uHa-TumyPMkG7wIE7g","https://spd-asos.sitecoresandbox.cloud/api/public/content/d968936d447a412abc23b873b0cf1ada","d968936d447a412abc23b873b0cf1ada","<Image src=""https://spd-asos.sitecoresandbox.cloud/api/public/content/d968936d447a412abc23b873b0cf1ada"" dam-id=""ZFC4uHa-TumyPMkG7wIE7g"" alt=""210753919"" dam-content-type=""Image"" />"
"209176472.jpg","101106","101110","u_GFOCm_Qp2ydR30kZjluA","https://spd-asos.sitecoresandbox.cloud/api/public/content/8fd896683975471aa8c1c7039ef96e60","8fd896683975471aa8c1c7039ef96e60","<Image src=""https://spd-asos.sitecoresandbox.cloud/api/public/content/8fd896683975471aa8c1c7039ef96e60"" dam-id=""u_GFOCm_Qp2ydR30kZjluA"" alt=""209176472"" dam-content-type=""Image"" />"
"211213924.jpg","101732","101734","3kJem_f-SQyeiQ0__YeBZg","https://spd-asos.sitecoresandbox.cloud/api/public/content/b2769388fcb84f6f8b94d159e1f9ba2c","b2769388fcb84f6f8b94d159e1f9ba2c","<Image src=""https://spd-asos.sitecoresandbox.cloud/api/public/content/b2769388fcb84f6f8b94d159e1f9ba2c"" dam-id=""3kJem_f-SQyeiQ0__YeBZg"" alt=""211213924"" dam-content-type=""Image"" />"
"211467910.jpg","102016","102018","jkvPP4MvS8KFEbL3izJm9Q","https://spd-asos.sitecoresandbox.cloud/api/public/content/b998f070cd1c48c68adaab490fe7de1d","b998f070cd1c48c68adaab490fe7de1d","<Image src=""https://spd-asos.sitecoresandbox.cloud/api/public/content/b998f070cd1c48c68adaab490fe7de1d"" dam-id=""jkvPP4MvS8KFEbL3izJm9Q"" alt=""211467910"" dam-content-type=""Image"" />"
"211556430.jpg","102032","102040","5q8VUum5S_uhXMjDrK4h5Q","https://spd-asos.sitecoresandbox.cloud/api/public/content/e34e37ce8e7e49dbac35d9603210361e","e34e37ce8e7e49dbac35d9603210361e","<Image src=""https://spd-asos.sitecoresandbox.cloud/api/public/content/e34e37ce8e7e49dbac35d9603210361e"" dam-id=""5q8VUum5S_uhXMjDrK4h5Q"" alt=""211556430"" dam-content-type=""Image"" />"
"211497445.jpg","102024","102026","OP1UFZU3QdqI9Ldn5bANYg","https://spd-asos.sitecoresandbox.cloud/api/public/content/a33d2ea657784622918b4da559ea6936","a33d2ea657784622918b4da559ea6936","<Image src=""https://spd-asos.sitecoresandbox.cloud/api/public/content/a33d2ea657784622918b4da559ea6936"" dam-id=""OP1UFZU3QdqI9Ldn5bANYg"" alt=""211497445"" dam-content-type=""Image"" />"
"still-1503342217505-b0a15ec3261c.jpg","102999","103001","SwyJsW5rSFCUpoxcJmc2gg","https://spd-asos.sitecoresandbox.cloud/api/public/content/03a1f48273fd42898a493557e2cd6f54","03a1f48273fd42898a493557e2cd6f54","<Image src=""https://spd-asos.sitecoresandbox.cloud/api/public/content/03a1f48273fd42898a493557e2cd6f54"" dam-id=""SwyJsW5rSFCUpoxcJmc2gg"" alt=""still-1503342217505-b0a15ec3261c"" dam-content-type=""Image"" />"
"210638244.jpg","101349","101351","WGlYnRjvSpGpkWp1V9UuEg","https://spd-asos.sitecoresandbox.cloud/api/public/content/043f509933324c2aa06edc440bc9a057","043f509933324c2aa06edc440bc9a057","<Image src=""https://spd-asos.sitecoresandbox.cloud/api/public/content/043f509933324c2aa06edc440bc9a057"" dam-id=""WGlYnRjvSpGpkWp1V9UuEg"" alt=""210638244"" dam-content-type=""Image"" />"
"211584045.jpg","102056","102058","0TshpMLIR0igPJkdUpRpAA","https://spd-asos.sitecoresandbox.cloud/api/public/content/b53d51496a774c138ab60398c8828aa1","b53d51496a774c138ab60398c8828aa1","<Image src=""https://spd-asos.sitecoresandbox.cloud/api/public/content/b53d51496a774c138ab60398c8828aa1"" dam-id=""0TshpMLIR0igPJkdUpRpAA"" alt=""211584045"" dam-content-type=""Image"" />"
"211300413.jpg","101756","101758","TaNwR8rrTraJGBczzNAZFg","https://spd-asos.sitecoresandbox.cloud/api/public/content/28fa4536c5cc4e34a5af146876c471bd","28fa4536c5cc4e34a5af146876c471bd","<Image src=""https://spd-asos.sitecoresandbox.cloud/api/public/content/28fa4536c5cc4e34a5af146876c471bd"" dam-id=""TaNwR8rrTraJGBczzNAZFg"" alt=""211300413"" dam-content-type=""Image"" />"
"cat-160764465.jpg","102808","102810","tzaRO4JCRMWkAd0e1uGaJQ","https://spd-asos.sitecoresandbox.cloud/api/public/content/03a12ac9866f45709914c5152b87abfa","03a12ac9866f45709914c5152b87abfa","<Image src=""https://spd-asos.sitecoresandbox.cloud/api/public/content/03a12ac9866f45709914c5152b87abfa"" dam-id=""tzaRO4JCRMWkAd0e1uGaJQ"" alt=""cat-160764465"" dam-content-type=""Image"" />"
"still-extra-052.jpg","103716","103718","M7Q2lmvcSB6tK4Jf3Osykw","https://spd-asos.sitecoresandbox.cloud/api/public/content/b3710c5927a64529bcebc23ea58c7e47","b3710c5927a64529bcebc23ea58c7e47","<Image src=""https://spd-asos.sitecoresandbox.cloud/api/public/content/b3710c5927a64529bcebc23ea58c7e47"" dam-id=""M7Q2lmvcSB6tK4Jf3Osykw"" alt=""still-extra-052"" dam-content-type=""Image"" />"
"211062646.jpg","101615","101619","HrLdyETXSOydPq3kZ1nwQA","https://spd-asos.sitecoresandbox.cloud/api/public/content/351e747176c34ba4b97a06f65744b787","351e747176c34ba4b97a06f65744b787","<Image src=""https://spd-asos.sitecoresandbox.cloud/api/public/content/351e747176c34ba4b97a06f65744b787"" dam-id=""HrLdyETXSOydPq3kZ1nwQA"" alt=""211062646"" dam-content-type=""Image"" />"
"211817590.jpg","102752","102754","nmwJSOKiRg-aNwhbMq9bhA","https://spd-asos.sitecoresandbox.cloud/api/public/content/00c5dfc337cd4477b7af5198c865a07a","00c5dfc337cd4477b7af5198c865a07a","<Image src=""https://spd-asos.sitecoresandbox.cloud/api/public/content/00c5dfc337cd4477b7af5198c865a07a"" dam-id=""nmwJSOKiRg-aNwhbMq9bhA"" alt=""211817590"" dam-content-type=""Image"" />"
"211676996.jpg","102524","102531","utlSdkBnTxqCWcv7uZE0Wg","https://spd-asos.sitecoresandbox.cloud/api/public/content/c7c34ab56b524308a0793f3ddc75c55b","c7c34ab56b524308a0793f3ddc75c55b","<Image src=""https://spd-asos.sitecoresandbox.cloud/api/public/content/c7c34ab56b524308a0793f3ddc75c55b"" dam-id=""utlSdkBnTxqCWcv7uZE0Wg"" alt=""211676996"" dam-content-type=""Image"" />"
"still-1583743814966-8936f5b7be1a.jpg","103152","103154","3T6ns0ViTEKewlYVnTdDRg","https://spd-asos.sitecoresandbox.cloud/api/public/content/e1e02e6d0c0f459890c43e492cc93928","e1e02e6d0c0f459890c43e492cc93928","<Image src=""https://spd-asos.sitecoresandbox.cloud/api/public/content/e1e02e6d0c0f459890c43e492cc93928"" dam-id=""3T6ns0ViTEKewlYVnTdDRg"" alt=""still-1583743814966-8936f5b7be1a"" dam-content-type=""Image"" />"
"211793007.jpg","102687","102689","eeJyeiLiRRKmDPgVadYtnw","https://spd-asos.sitecoresandbox.cloud/api/public/content/77fcfe37f7694cabb9c27bc7de786478","77fcfe37f7694cabb9c27bc7de786478","<Image src=""https://spd-asos.sitecoresandbox.cloud/api/public/content/77fcfe37f7694cabb9c27bc7de786478"" dam-id=""eeJyeiLiRRKmDPgVadYtnw"" alt=""211793007"" dam-content-type=""Image"" />"
"still-1515886657613-9f3515b0c78f.jpg","103044","103047","-sSBIJ4uSi2JZwMRKKX8NQ","https://spd-asos.sitecoresandbox.cloud/api/public/content/17c44c410c6342a7b00845bd799ee1ed","17c44c410c6342a7b00845bd799ee1ed","<Image src=""https://spd-asos.sitecoresandbox.cloud/api/public/content/17c44c410c6342a7b00845bd799ee1ed"" dam-id=""-sSBIJ4uSi2JZwMRKKX8NQ"" alt=""still-1515886657613-9f3515b0c78f"" dam-content-type=""Image"" />"
"still-extra-059.jpg","103788","103791","WHtCxlE3SGm1QhyUiNB2LQ","https://spd-asos.sitecoresandbox.cloud/api/public/content/cdc9c9e9258041119ac0d284f0fee948","cdc9c9e9258041119ac0d284f0fee948","<Image src=""https://spd-asos.sitecoresandbox.cloud/api/public/content/cdc9c9e9258041119ac0d284f0fee948"" dam-id=""WHtCxlE3SGm1QhyUiNB2LQ"" alt=""still-extra-059"" dam-content-type=""Image"" />"
"208718129.jpg","100980","100982","ofoz_oUaREGqTrDRAvWGBA","https://spd-asos.sitecoresandbox.cloud/api/public/content/2e096eb4075947e38ceb8430487f9fcd","2e096eb4075947e38ceb8430487f9fcd","<Image src=""https://spd-asos.sitecoresandbox.cloud/api/public/content/2e096eb4075947e38ceb8430487f9fcd"" dam-id=""ofoz_oUaREGqTrDRAvWGBA"" alt=""208718129"" dam-content-type=""Image"" />"
"211661734.jpg","102165","102167","D_QXkvbhQdW-2cI95zVp3A","https://spd-asos.sitecoresandbox.cloud/api/public/content/5d44b0b8ebf1481780bfc2a5436ab5a8","5d44b0b8ebf1481780bfc2a5436ab5a8","<Image src=""https://spd-asos.sitecoresandbox.cloud/api/public/content/5d44b0b8ebf1481780bfc2a5436ab5a8"" dam-id=""D_QXkvbhQdW-2cI95zVp3A"" alt=""211661734"" dam-content-type=""Image"" />"
"210300390.jpg","101281","101283","aGBz4PuZSkycXLZ7LlUnCA","https://spd-asos.sitecoresandbox.cloud/api/public/content/dad07d3f337e46e4889616dd71eea4fa","dad07d3f337e46e4889616dd71eea4fa","<Image src=""https://spd-asos.sitecoresandbox.cloud/api/public/content/dad07d3f337e46e4889616dd71eea4fa"" dam-id=""aGBz4PuZSkycXLZ7LlUnCA"" alt=""210300390"" dam-content-type=""Image"" />"
"still-extra-021.jpg","103404","103407","rNdAplZ8RhK0iIAQLq9sQg","https://spd-asos.sitecoresandbox.cloud/api/public/content/46273fff06054ef6a29a8f75ba68fd1b","46273fff06054ef6a29a8f75ba68fd1b","<Image src=""https://spd-asos.sitecoresandbox.cloud/api/public/content/46273fff06054ef6a29a8f75ba68fd1b"" dam-id=""rNdAplZ8RhK0iIAQLq9sQg"" alt=""still-extra-021"" dam-content-type=""Image"" />"
"style-lfw.jpg","103929","103933","yfRw7L6rT7GObo7brQlPug","https://spd-asos.sitecoresandbox.cloud/api/public/content/99f333a655ec4696b8beeea09e1a6567","99f333a655ec4696b8beeea09e1a6567","<Image src=""https://spd-asos.sitecoresandbox.cloud/api/public/content/99f333a655ec4696b8beeea09e1a6567"" dam-id=""yfRw7L6rT7GObo7brQlPug"" alt=""style-lfw"" dam-content-type=""Image"" />"
"still-extra-046.jpg","103658","103660","AI6QJcSeQvOhmCgeMzZ-gA","https://spd-asos.sitecoresandbox.cloud/api/public/content/3b5baa4b46294c069a363b3ae5d4e620","3b5baa4b46294c069a363b3ae5d4e620","<Image src=""https://spd-asos.sitecoresandbox.cloud/api/public/content/3b5baa4b46294c069a363b3ae5d4e620"" dam-id=""AI6QJcSeQvOhmCgeMzZ-gA"" alt=""still-extra-046"" dam-content-type=""Image"" />"
"still-1490481651871-ab68de25d43d.jpg","102977","102979","YDL34fWmSb6TkoZxyVzSJQ","https://spd-asos.sitecoresandbox.cloud/api/public/content/184d7e79cbe34580a6b2b2a183ee6cbb","184d7e79cbe34580a6b2b2a183ee6cbb","<Image src=""https://spd-asos.sitecoresandbox.cloud/api/public/content/184d7e79cbe34580a6b2b2a183ee6cbb"" dam-id=""YDL34fWmSb6TkoZxyVzSJQ"" alt=""still-1490481651871-ab68de25d43d"" dam-content-type=""Image"" />"
"211792804.jpg","102603","102605","GPfrowPeTou5nAntNNOO1w","https://spd-asos.sitecoresandbox.cloud/api/public/content/494e2d2e9fec46a59154564040b9d47f","494e2d2e9fec46a59154564040b9d47f","<Image src=""https://spd-asos.sitecoresandbox.cloud/api/public/content/494e2d2e9fec46a59154564040b9d47f"" dam-id=""GPfrowPeTou5nAntNNOO1w"" alt=""211792804"" dam-content-type=""Image"" />"
"209074504.jpg","101048","101050","YXwKuMHSSxSIDhBDhFmehg","https://spd-asos.sitecoresandbox.cloud/api/public/content/45f8ba6bd5f34fc8a1df8a40ef130ccc","45f8ba6bd5f34fc8a1df8a40ef130ccc","<Image src=""https://spd-asos.sitecoresandbox.cloud/api/public/content/45f8ba6bd5f34fc8a1df8a40ef130ccc"" dam-id=""YXwKuMHSSxSIDhBDhFmehg"" alt=""209074504"" dam-content-type=""Image"" />"
"still-extra-017.jpg","103363","103365","GCozZz5cTn-D1xTcCEz4mg","https://spd-asos.sitecoresandbox.cloud/api/public/content/abe0019f4e0e4cea81fe7c78c95b173f","abe0019f4e0e4cea81fe7c78c95b173f","<Image src=""https://spd-asos.sitecoresandbox.cloud/api/public/content/abe0019f4e0e4cea81fe7c78c95b173f"" dam-id=""GCozZz5cTn-D1xTcCEz4mg"" alt=""still-extra-017"" dam-content-type=""Image"" />"
"210740024.jpg","101414","101416","pN0j3MsYRlSjoUp52NptSg","https://spd-asos.sitecoresandbox.cloud/api/public/content/e835b54d55824dbd91e0b5fb5dc49c8a","e835b54d55824dbd91e0b5fb5dc49c8a","<Image src=""https://spd-asos.sitecoresandbox.cloud/api/public/content/e835b54d55824dbd91e0b5fb5dc49c8a"" dam-id=""pN0j3MsYRlSjoUp52NptSg"" alt=""210740024"" dam-content-type=""Image"" />"
"211328185.jpg","101808","101810","r-A5pFLYQ_eG2-0WT0ZuNg","https://spd-asos.sitecoresandbox.cloud/api/public/content/63e2e0e48c89474abbd60e7c6c0a285d","63e2e0e48c89474abbd60e7c6c0a285d","<Image src=""https://spd-asos.sitecoresandbox.cloud/api/public/content/63e2e0e48c89474abbd60e7c6c0a285d"" dam-id=""r-A5pFLYQ_eG2-0WT0ZuNg"" alt=""211328185"" dam-content-type=""Image"" />"
"211628708.jpg","102115","102119","iOQPFT_SSYafjx36GuE0TQ","https://spd-asos.sitecoresandbox.cloud/api/public/content/291db550038240ecba4fa39542b1cb11","291db550038240ecba4fa39542b1cb11","<Image src=""https://spd-asos.sitecoresandbox.cloud/api/public/content/291db550038240ecba4fa39542b1cb11"" dam-id=""iOQPFT_SSYafjx36GuE0TQ"" alt=""211628708"" dam-content-type=""Image"" />"
"211443685.jpg","102000","102002","v1rEivGVSn2RVUUaCrMTEg","https://spd-asos.sitecoresandbox.cloud/api/public/content/3566cb91ffe3463dae0e62e6d5970db9","3566cb91ffe3463dae0e62e6d5970db9","<Image src=""https://spd-asos.sitecoresandbox.cloud/api/public/content/3566cb91ffe3463dae0e62e6d5970db9"" dam-id=""v1rEivGVSn2RVUUaCrMTEg"" alt=""211443685"" dam-content-type=""Image"" />"
"209119795.jpg","101091","101093","MxckdCOmQWKe3q7Q3itAFg","https://spd-asos.sitecoresandbox.cloud/api/public/content/657edf3a516f4961b79a743044f72944","657edf3a516f4961b79a743044f72944","<Image src=""https://spd-asos.sitecoresandbox.cloud/api/public/content/657edf3a516f4961b79a743044f72944"" dam-id=""MxckdCOmQWKe3q7Q3itAFg"" alt=""209119795"" dam-content-type=""Image"" />"
"211104065.jpg","101650","101652","jEbpiEtZRSyud-vVDpKR0A","https://spd-asos.sitecoresandbox.cloud/api/public/content/01bba53106bd47a1bdef9aa6335c948d","01bba53106bd47a1bdef9aa6335c948d","<Image src=""https://spd-asos.sitecoresandbox.cloud/api/public/content/01bba53106bd47a1bdef9aa6335c948d"" dam-id=""jEbpiEtZRSyud-vVDpKR0A"" alt=""211104065"" dam-content-type=""Image"" />"
"210659183.jpg","101374","101376","XVs1guMvS7u1sojPW0kMKw","https://spd-asos.sitecoresandbox.cloud/api/public/content/3f70f057649941dfa53e3e9a1fe43352","3f70f057649941dfa53e3e9a1fe43352","<Image src=""https://spd-asos.sitecoresandbox.cloud/api/public/content/3f70f057649941dfa53e3e9a1fe43352"" dam-id=""XVs1guMvS7u1sojPW0kMKw"" alt=""210659183"" dam-content-type=""Image"" />"
"211662319.jpg","102357","102359","FSEgLxqqRJikBXB5WXOSiQ","https://spd-asos.sitecoresandbox.cloud/api/public/content/d4b374f54af14afba9701314ed8235f3","d4b374f54af14afba9701314ed8235f3","<Image src=""https://spd-asos.sitecoresandbox.cloud/api/public/content/d4b374f54af14afba9701314ed8235f3"" dam-id=""FSEgLxqqRJikBXB5WXOSiQ"" alt=""211662319"" dam-content-type=""Image"" />"
"210706578.jpg","101390","101393","vC1A4ZcdSuKGhSzkpthvXQ","https://spd-asos.sitecoresandbox.cloud/api/public/content/a17d35feb1c342dea25cd29c40f16beb","a17d35feb1c342dea25cd29c40f16beb","<Image src=""https://spd-asos.sitecoresandbox.cloud/api/public/content/a17d35feb1c342dea25cd29c40f16beb"" dam-id=""vC1A4ZcdSuKGhSzkpthvXQ"" alt=""210706578"" dam-content-type=""Image"" />"
"210915907.jpg","101527","101529","eUPEj53dRQ-h7W9f2pJiPA","https://spd-asos.sitecoresandbox.cloud/api/public/content/6db0d9f1a62740cbadea70c303fbdf7d","6db0d9f1a62740cbadea70c303fbdf7d","<Image src=""https://spd-asos.sitecoresandbox.cloud/api/public/content/6db0d9f1a62740cbadea70c303fbdf7d"" dam-id=""eUPEj53dRQ-h7W9f2pJiPA"" alt=""210915907"" dam-content-type=""Image"" />"
"still-extra-063.jpg","103833","103835","oQhtenY-SpOFpIckwZmkIg","https://spd-asos.sitecoresandbox.cloud/api/public/content/69b631abc778470daedc3f4bda47c4a2","69b631abc778470daedc3f4bda47c4a2","<Image src=""https://spd-asos.sitecoresandbox.cloud/api/public/content/69b631abc778470daedc3f4bda47c4a2"" dam-id=""oQhtenY-SpOFpIckwZmkIg"" alt=""still-extra-063"" dam-content-type=""Image"" />"
"209063964.jpg","101040","101042","JG3yjJxfRAWcRmhdil1wdA","https://spd-asos.sitecoresandbox.cloud/api/public/content/ec9ebe8feea643ff9e7100c1cd41c688","ec9ebe8feea643ff9e7100c1cd41c688","<Image src=""https://spd-asos.sitecoresandbox.cloud/api/public/content/ec9ebe8feea643ff9e7100c1cd41c688"" dam-id=""JG3yjJxfRAWcRmhdil1wdA"" alt=""209063964"" dam-content-type=""Image"" />"
"cat-158204309.jpg","102801","102803","Os9it_ydQHCYqwaLp7Z1qQ","https://spd-asos.sitecoresandbox.cloud/api/public/content/b4f8ba140e1e4e388a2f6ddb8d7d535d","b4f8ba140e1e4e388a2f6ddb8d7d535d","<Image src=""https://spd-asos.sitecoresandbox.cloud/api/public/content/b4f8ba140e1e4e388a2f6ddb8d7d535d"" dam-id=""Os9it_ydQHCYqwaLp7Z1qQ"" alt=""cat-158204309"" dam-content-type=""Image"" />"
"210569490.jpg","101338","101340","7Uz4E515TgOhKy9YPGdGuA","https://spd-asos.sitecoresandbox.cloud/api/public/content/661a8e4af19e4ef8a931debcc5433572","661a8e4af19e4ef8a931debcc5433572","<Image src=""https://spd-asos.sitecoresandbox.cloud/api/public/content/661a8e4af19e4ef8a931debcc5433572"" dam-id=""7Uz4E515TgOhKy9YPGdGuA"" alt=""210569490"" dam-content-type=""Image"" />"
"211662420.jpg","102427","102432","H94l4dYdSNulgQ0w17lK7g","https://spd-asos.sitecoresandbox.cloud/api/public/content/5f833cd48211441caffdb53996501e20","5f833cd48211441caffdb53996501e20","<Image src=""https://spd-asos.sitecoresandbox.cloud/api/public/content/5f833cd48211441caffdb53996501e20"" dam-id=""H94l4dYdSNulgQ0w17lK7g"" alt=""211662420"" dam-content-type=""Image"" />"
"208718219.jpg","100990","100997","dcFf_lGpS1Gu8t0HE9AEhQ","https://spd-asos.sitecoresandbox.cloud/api/public/content/0fa344d95ace43a2ac98751e61ac2346","0fa344d95ace43a2ac98751e61ac2346","<Image src=""https://spd-asos.sitecoresandbox.cloud/api/public/content/0fa344d95ace43a2ac98751e61ac2346"" dam-id=""dcFf_lGpS1Gu8t0HE9AEhQ"" alt=""208718219"" dam-content-type=""Image"" />"
"210645207.jpg","101366","101368","XRCDhPCuRPaqskGUtj8B3w","https://spd-asos.sitecoresandbox.cloud/api/public/content/4ad5346e27f441b5b44d60c0d166f20f","4ad5346e27f441b5b44d60c0d166f20f","<Image src=""https://spd-asos.sitecoresandbox.cloud/api/public/content/4ad5346e27f441b5b44d60c0d166f20f"" dam-id=""XRCDhPCuRPaqskGUtj8B3w"" alt=""210645207"" dam-content-type=""Image"" />"
"211662341.jpg","102380","102382","0fmaydtbQS6hM1KYHWatsg","https://spd-asos.sitecoresandbox.cloud/api/public/content/6eb13dc7b781461d936dd78303dd7a1e","6eb13dc7b781461d936dd78303dd7a1e","<Image src=""https://spd-asos.sitecoresandbox.cloud/api/public/content/6eb13dc7b781461d936dd78303dd7a1e"" dam-id=""0fmaydtbQS6hM1KYHWatsg"" alt=""211662341"" dam-content-type=""Image"" />"
"still-extra-025.jpg","103446","103449","04spWuk2TcKbojM2SUp46Q","https://spd-asos.sitecoresandbox.cloud/api/public/content/590dec7d1c564fdc93a4f8c788b1d9e7","590dec7d1c564fdc93a4f8c788b1d9e7","<Image src=""https://spd-asos.sitecoresandbox.cloud/api/public/content/590dec7d1c564fdc93a4f8c788b1d9e7"" dam-id=""04spWuk2TcKbojM2SUp46Q"" alt=""still-extra-025"" dam-content-type=""Image"" />"
"still-1485230895905-ec40ba36b9bc.jpg","102960","102962","KBCVVKdlT1mjrg6MT8MFhA","https://spd-asos.sitecoresandbox.cloud/api/public/content/4bd4fdb8434f4873be04682d713115f2","4bd4fdb8434f4873be04682d713115f2","<Image src=""https://spd-asos.sitecoresandbox.cloud/api/public/content/4bd4fdb8434f4873be04682d713115f2"" dam-id=""KBCVVKdlT1mjrg6MT8MFhA"" alt=""still-1485230895905-ec40ba36b9bc"" dam-content-type=""Image"" />"
"still-extra-038.jpg","103572","103574","P3AYX6wEQyKuZ6Q2XZ1GIw","https://spd-asos.sitecoresandbox.cloud/api/public/content/58e24187afa7478eb149eec82554b256","58e24187afa7478eb149eec82554b256","<Image src=""https://spd-asos.sitecoresandbox.cloud/api/public/content/58e24187afa7478eb149eec82554b256"" dam-id=""P3AYX6wEQyKuZ6Q2XZ1GIw"" alt=""still-extra-038"" dam-content-type=""Image"" />"
"205143297.jpg","100891","100893","RmFW8lezTo6s3j1ckUEOiQ","https://spd-asos.sitecoresandbox.cloud/api/public/content/d451f24de52d43bcbd4009caaf63caaf","d451f24de52d43bcbd4009caaf63caaf","<Image src=""https://spd-asos.sitecoresandbox.cloud/api/public/content/d451f24de52d43bcbd4009caaf63caaf"" dam-id=""RmFW8lezTo6s3j1ckUEOiQ"" alt=""205143297"" dam-content-type=""Image"" />"
"203909377.jpg","100881","100883","HpKpELqMQw2l2epp6aQgmA","https://spd-asos.sitecoresandbox.cloud/api/public/content/79ee0bafba7b45fd8b06038ba73e7e31","79ee0bafba7b45fd8b06038ba73e7e31","<Image src=""https://spd-asos.sitecoresandbox.cloud/api/public/content/79ee0bafba7b45fd8b06038ba73e7e31"" dam-id=""HpKpELqMQw2l2epp6aQgmA"" alt=""203909377"" dam-content-type=""Image"" />"
"211354905.jpg","101920","101922","5vAlZFPKTl6QQOMK6LibFw","https://spd-asos.sitecoresandbox.cloud/api/public/content/74cb4605358245968322fecd18858a85","74cb4605358245968322fecd18858a85","<Image src=""https://spd-asos.sitecoresandbox.cloud/api/public/content/74cb4605358245968322fecd18858a85"" dam-id=""5vAlZFPKTl6QQOMK6LibFw"" alt=""211354905"" dam-content-type=""Image"" />"
"still-extra-050.jpg","103700","103702","6ChAnMHqQs2iQPaxsHNfYA","https://spd-asos.sitecoresandbox.cloud/api/public/content/471f2dc0a69342039749d01b0352a0c8","471f2dc0a69342039749d01b0352a0c8","<Image src=""https://spd-asos.sitecoresandbox.cloud/api/public/content/471f2dc0a69342039749d01b0352a0c8"" dam-id=""6ChAnMHqQs2iQPaxsHNfYA"" alt=""still-extra-050"" dam-content-type=""Image"" />"
"still-1483985988355-763728e1935b.jpg","102951","102956","DfpCf_1IRZux57i19_oUIg","https://spd-asos.sitecoresandbox.cloud/api/public/content/5091ff728bdb438494383a1c69489199","5091ff728bdb438494383a1c69489199","<Image src=""https://spd-asos.sitecoresandbox.cloud/api/public/content/5091ff728bdb438494383a1c69489199"" dam-id=""DfpCf_1IRZux57i19_oUIg"" alt=""still-1483985988355-763728e1935b"" dam-content-type=""Image"" />"
"still-extra-031.jpg","103506","103508","rIICUnzTQJmQ86W15fZg_Q","https://spd-asos.sitecoresandbox.cloud/api/public/content/ae3639bed9d24399a3c77138118a97fa","ae3639bed9d24399a3c77138118a97fa","<Image src=""https://spd-asos.sitecoresandbox.cloud/api/public/content/ae3639bed9d24399a3c77138118a97fa"" dam-id=""rIICUnzTQJmQ86W15fZg_Q"" alt=""still-extra-031"" dam-content-type=""Image"" />"
"211793168.jpg","102719","102721","p5IOopF8S92dfvc7f1JhsQ","https://spd-asos.sitecoresandbox.cloud/api/public/content/c6d095dd42664629b3c4edaea75f323a","c6d095dd42664629b3c4edaea75f323a","<Image src=""https://spd-asos.sitecoresandbox.cloud/api/public/content/c6d095dd42664629b3c4edaea75f323a"" dam-id=""p5IOopF8S92dfvc7f1JhsQ"" alt=""211793168"" dam-content-type=""Image"" />"
"211354231.jpg","101912","101915","XlNmxC_MSXC9lEmTE8zDbQ","https://spd-asos.sitecoresandbox.cloud/api/public/content/0b4d7d395c0848a19b9ac9cb87e3ca03","0b4d7d395c0848a19b9ac9cb87e3ca03","<Image src=""https://spd-asos.sitecoresandbox.cloud/api/public/content/0b4d7d395c0848a19b9ac9cb87e3ca03"" dam-id=""XlNmxC_MSXC9lEmTE8zDbQ"" alt=""211354231"" dam-content-type=""Image"" />"
"still-extra-033.jpg","103522","103524","k-p8wrhwTFuT92XqN_W9mw","https://spd-asos.sitecoresandbox.cloud/api/public/content/42809d1b22f241678ac0a810649b4323","42809d1b22f241678ac0a810649b4323","<Image src=""https://spd-asos.sitecoresandbox.cloud/api/public/content/42809d1b22f241678ac0a810649b4323"" dam-id=""k-p8wrhwTFuT92XqN_W9mw"" alt=""still-extra-033"" dam-content-type=""Image"" />"
"210297883.jpg","101272","101276","nLevcPcbSvmhR0mrAtN5UA","https://spd-asos.sitecoresandbox.cloud/api/public/content/477ded8cb9bd4f5fa9e86b63af773599","477ded8cb9bd4f5fa9e86b63af773599","<Image src=""https://spd-asos.sitecoresandbox.cloud/api/public/content/477ded8cb9bd4f5fa9e86b63af773599"" dam-id=""nLevcPcbSvmhR0mrAtN5UA"" alt=""210297883"" dam-content-type=""Image"" />"
"211792731.jpg","102593","102595","yXU0kRFYQJipKYxEOG7ECA","https://spd-asos.sitecoresandbox.cloud/api/public/content/d46cb14f359e4d3c98abf7762fa9e602","d46cb14f359e4d3c98abf7762fa9e602","<Image src=""https://spd-asos.sitecoresandbox.cloud/api/public/content/d46cb14f359e4d3c98abf7762fa9e602"" dam-id=""yXU0kRFYQJipKYxEOG7ECA"" alt=""211792731"" dam-content-type=""Image"" />"
"211661757.jpg","102172","102174","Fvv9eVolTA67RdK-zNMAog","https://spd-asos.sitecoresandbox.cloud/api/public/content/276f510ffe4747afaa6ca21e7387d784","276f510ffe4747afaa6ca21e7387d784","<Image src=""https://spd-asos.sitecoresandbox.cloud/api/public/content/276f510ffe4747afaa6ca21e7387d784"" dam-id=""Fvv9eVolTA67RdK-zNMAog"" alt=""211661757"" dam-content-type=""Image"" />"
"211316475.jpg","101784","101786","YlGmVd86Qqu_MQWWMHFn9Q","https://spd-asos.sitecoresandbox.cloud/api/public/content/7b09ca6f326f422ab992525358bcca32","7b09ca6f326f422ab992525358bcca32","<Image src=""https://spd-asos.sitecoresandbox.cloud/api/public/content/7b09ca6f326f422ab992525358bcca32"" dam-id=""YlGmVd86Qqu_MQWWMHFn9Q"" alt=""211316475"" dam-content-type=""Image"" />"
"211661916.jpg","102196","102198","d9E_yHfDQ5KQKI_-ci4AiQ","https://spd-asos.sitecoresandbox.cloud/api/public/content/534381a0ed6c4b9fbb93a793f8776be0","534381a0ed6c4b9fbb93a793f8776be0","<Image src=""https://spd-asos.sitecoresandbox.cloud/api/public/content/534381a0ed6c4b9fbb93a793f8776be0"" dam-id=""d9E_yHfDQ5KQKI_-ci4AiQ"" alt=""211661916"" dam-content-type=""Image"" />"
"210250379.jpg","101267","101269","6YVSnjFeSxOV1NP0AiwNOA","https://spd-asos.sitecoresandbox.cloud/api/public/content/2c1d92c84f104b07ba71da00df3327a1","2c1d92c84f104b07ba71da00df3327a1","<Image src=""https://spd-asos.sitecoresandbox.cloud/api/public/content/2c1d92c84f104b07ba71da00df3327a1"" dam-id=""6YVSnjFeSxOV1NP0AiwNOA"" alt=""210250379"" dam-content-type=""Image"" />"
"211689774.jpg","102560","102562","F-T5FoqkShmvzrNf6e3y1w","https://spd-asos.sitecoresandbox.cloud/api/public/content/cba47c6995ba47ffb8bfe622b7525677","cba47c6995ba47ffb8bfe622b7525677","<Image src=""https://spd-asos.sitecoresandbox.cloud/api/public/content/cba47c6995ba47ffb8bfe622b7525677"" dam-id=""F-T5FoqkShmvzrNf6e3y1w"" alt=""211689774"" dam-content-type=""Image"" />"
"still-1514996937319-344454492b37.jpg","103028","103030","Ebr2OWt1TjKzjehql7eyGw","https://spd-asos.sitecoresandbox.cloud/api/public/content/7dbe6adc3cbc41ad892c63a8c5cb6459","7dbe6adc3cbc41ad892c63a8c5cb6459","<Image src=""https://spd-asos.sitecoresandbox.cloud/api/public/content/7dbe6adc3cbc41ad892c63a8c5cb6459"" dam-id=""Ebr2OWt1TjKzjehql7eyGw"" alt=""still-1514996937319-344454492b37"" dam-content-type=""Image"" />"
"208850160.jpg","101002","101004","QoEQckXyTJ2DbV4pvEACwg","https://spd-asos.sitecoresandbox.cloud/api/public/content/ec8a2de1f6ef40a3b950eb2e4a13c777","ec8a2de1f6ef40a3b950eb2e4a13c777","<Image src=""https://spd-asos.sitecoresandbox.cloud/api/public/content/ec8a2de1f6ef40a3b950eb2e4a13c777"" dam-id=""QoEQckXyTJ2DbV4pvEACwg"" alt=""208850160"" dam-content-type=""Image"" />"
"211793076.jpg","102692","102699","uF-cOgyfQGOHCRx6OR8WsA","https://spd-asos.sitecoresandbox.cloud/api/public/content/32b5b1f97dd846468d3ecffef4aeab78","32b5b1f97dd846468d3ecffef4aeab78","<Image src=""https://spd-asos.sitecoresandbox.cloud/api/public/content/32b5b1f97dd846468d3ecffef4aeab78"" dam-id=""uF-cOgyfQGOHCRx6OR8WsA"" alt=""211793076"" dam-content-type=""Image"" />"
"211167208.jpg","101679","101681","iq36XydGRJGmDt4R02zC1A","https://spd-asos.sitecoresandbox.cloud/api/public/content/46c5ee0de026456087fe5023fbfa23af","46c5ee0de026456087fe5023fbfa23af","<Image src=""https://spd-asos.sitecoresandbox.cloud/api/public/content/46c5ee0de026456087fe5023fbfa23af"" dam-id=""iq36XydGRJGmDt4R02zC1A"" alt=""211167208"" dam-content-type=""Image"" />"
"211662121.jpg","102256","102258","tJg7bL8UTg6H7rjwJImztw","https://spd-asos.sitecoresandbox.cloud/api/public/content/1ab712083ca44cd9905bb2aa75210612","1ab712083ca44cd9905bb2aa75210612","<Image src=""https://spd-asos.sitecoresandbox.cloud/api/public/content/1ab712083ca44cd9905bb2aa75210612"" dam-id=""tJg7bL8UTg6H7rjwJImztw"" alt=""211662121"" dam-content-type=""Image"" />"
"still-extra-034.jpg","103530","103532","MSZSkz8SSKiTxL0AtL8rBA","https://spd-asos.sitecoresandbox.cloud/api/public/content/be8e21a2b8d04921837f3ab4f058cc32","be8e21a2b8d04921837f3ab4f058cc32","<Image src=""https://spd-asos.sitecoresandbox.cloud/api/public/content/be8e21a2b8d04921837f3ab4f058cc32"" dam-id=""MSZSkz8SSKiTxL0AtL8rBA"" alt=""still-extra-034"" dam-content-type=""Image"" />"
"still-1521572163474-6864f9cf17ab.jpg","103059","103061","zUvHSV9DQGO07bokZxuN2g","https://spd-asos.sitecoresandbox.cloud/api/public/content/08232bbbf4884d72a9bfbcd95d546080","08232bbbf4884d72a9bfbcd95d546080","<Image src=""https://spd-asos.sitecoresandbox.cloud/api/public/content/08232bbbf4884d72a9bfbcd95d546080"" dam-id=""zUvHSV9DQGO07bokZxuN2g"" alt=""still-1521572163474-6864f9cf17ab"" dam-content-type=""Image"" />"
"208248497.jpg","100943","100945","IxYZpKd0SuWxBdstX5QZ8g","https://spd-asos.sitecoresandbox.cloud/api/public/content/6dfd865870d74b119e0e1ce953e17872","6dfd865870d74b119e0e1ce953e17872","<Image src=""https://spd-asos.sitecoresandbox.cloud/api/public/content/6dfd865870d74b119e0e1ce953e17872"" dam-id=""IxYZpKd0SuWxBdstX5QZ8g"" alt=""208248497"" dam-content-type=""Image"" />"
"209371630.jpg","101150","101152","Xevf29qCTcuaBDHaxUQJaw","https://spd-asos.sitecoresandbox.cloud/api/public/content/51360609b4f34101885e56e4b7635c65","51360609b4f34101885e56e4b7635c65","<Image src=""https://spd-asos.sitecoresandbox.cloud/api/public/content/51360609b4f34101885e56e4b7635c65"" dam-id=""Xevf29qCTcuaBDHaxUQJaw"" alt=""209371630"" dam-content-type=""Image"" />"
"211629274.jpg","102125","102127","t8Un41CCReenHnhktE_w6w","https://spd-asos.sitecoresandbox.cloud/api/public/content/e8f46e6393cc45aaa986879278fa2584","e8f46e6393cc45aaa986879278fa2584","<Image src=""https://spd-asos.sitecoresandbox.cloud/api/public/content/e8f46e6393cc45aaa986879278fa2584"" dam-id=""t8Un41CCReenHnhktE_w6w"" alt=""211629274"" dam-content-type=""Image"" />"
"211661646.jpg","102134","102138","IeEFs0EHR5-objMhxxzxcA","https://spd-asos.sitecoresandbox.cloud/api/public/content/a4ad7c49ec674c098bcf0305d28eced1","a4ad7c49ec674c098bcf0305d28eced1","<Image src=""https://spd-asos.sitecoresandbox.cloud/api/public/content/a4ad7c49ec674c098bcf0305d28eced1"" dam-id=""IeEFs0EHR5-objMhxxzxcA"" alt=""211661646"" dam-content-type=""Image"" />"
"still-extra-069.jpg","103889","103893","zI1KXpnTTGWD3PUYzQr-vA","https://spd-asos.sitecoresandbox.cloud/api/public/content/6f114984aff646b985f10c7d0efb2477","6f114984aff646b985f10c7d0efb2477","<Image src=""https://spd-asos.sitecoresandbox.cloud/api/public/content/6f114984aff646b985f10c7d0efb2477"" dam-id=""zI1KXpnTTGWD3PUYzQr-vA"" alt=""still-extra-069"" dam-content-type=""Image"" />"
"210425806.jpg","101299","101301","ij0O3bt2TX2kkxP5eTJLCQ","https://spd-asos.sitecoresandbox.cloud/api/public/content/bb9673859a924ed78956ebb0a056e586","bb9673859a924ed78956ebb0a056e586","<Image src=""https://spd-asos.sitecoresandbox.cloud/api/public/content/bb9673859a924ed78956ebb0a056e586"" dam-id=""ij0O3bt2TX2kkxP5eTJLCQ"" alt=""210425806"" dam-content-type=""Image"" />"
"211662389.jpg","102394","102396","E0qh-P_QSpyViT1HGmi0iw","https://spd-asos.sitecoresandbox.cloud/api/public/content/82a30a8801b3445b98149c48aa9c1d8e","82a30a8801b3445b98149c48aa9c1d8e","<Image src=""https://spd-asos.sitecoresandbox.cloud/api/public/content/82a30a8801b3445b98149c48aa9c1d8e"" dam-id=""E0qh-P_QSpyViT1HGmi0iw"" alt=""211662389"" dam-content-type=""Image"" />"
"still-extra-010.jpg","103296","103298","Dz6Gx52mQ3yxUAdNx1q9WQ","https://spd-asos.sitecoresandbox.cloud/api/public/content/d009fb2051d842c99f16336b8f0ebf81","d009fb2051d842c99f16336b8f0ebf81","<Image src=""https://spd-asos.sitecoresandbox.cloud/api/public/content/d009fb2051d842c99f16336b8f0ebf81"" dam-id=""Dz6Gx52mQ3yxUAdNx1q9WQ"" alt=""still-extra-010"" dam-content-type=""Image"" />"
"still-extra-066.jpg","103863","103865","H3PaOkupSpqu_gcrYcdNRA","https://spd-asos.sitecoresandbox.cloud/api/public/content/5392633f6b0e4d749908a309ea4a27bc","5392633f6b0e4d749908a309ea4a27bc","<Image src=""https://spd-asos.sitecoresandbox.cloud/api/public/content/5392633f6b0e4d749908a309ea4a27bc"" dam-id=""H3PaOkupSpqu_gcrYcdNRA"" alt=""still-extra-066"" dam-content-type=""Image"" />"
"still-extra-045.jpg","103650","103652","ZORXcprPQdGlJutfBc1C3g","https://spd-asos.sitecoresandbox.cloud/api/public/content/e344358ae90a4e46a9e8d33d31d95530","e344358ae90a4e46a9e8d33d31d95530","<Image src=""https://spd-asos.sitecoresandbox.cloud/api/public/content/e344358ae90a4e46a9e8d33d31d95530"" dam-id=""ZORXcprPQdGlJutfBc1C3g"" alt=""still-extra-045"" dam-content-type=""Image"" />"
"211662519.jpg","102446","102448","jhiMZjCcRyO0vNmfIMQWZQ","https://spd-asos.sitecoresandbox.cloud/api/public/content/3e2ce9cb81ce4d9fa0919b5c94e2b26a","3e2ce9cb81ce4d9fa0919b5c94e2b26a","<Image src=""https://spd-asos.sitecoresandbox.cloud/api/public/content/3e2ce9cb81ce4d9fa0919b5c94e2b26a"" dam-id=""jhiMZjCcRyO0vNmfIMQWZQ"" alt=""211662519"" dam-content-type=""Image"" />"
"211792805.jpg","102610","102616","6NAeKPJ3RtuCDlYCTHK_Ww","https://spd-asos.sitecoresandbox.cloud/api/public/content/fd9deb42999748a78a58b76f5b09131d","fd9deb42999748a78a58b76f5b09131d","<Image src=""https://spd-asos.sitecoresandbox.cloud/api/public/content/fd9deb42999748a78a58b76f5b09131d"" dam-id=""6NAeKPJ3RtuCDlYCTHK_Ww"" alt=""211792805"" dam-content-type=""Image"" />"
"211662371.jpg","102387","102389","hn8J8Rj8Sr6TsAtnhPVdqQ","https://spd-asos.sitecoresandbox.cloud/api/public/content/fb88b12f10a24bf99f866dab97471cd5","fb88b12f10a24bf99f866dab97471cd5","<Image src=""https://spd-asos.sitecoresandbox.cloud/api/public/content/fb88b12f10a24bf99f866dab97471cd5"" dam-id=""hn8J8Rj8Sr6TsAtnhPVdqQ"" alt=""211662371"" dam-content-type=""Image"" />"
"still-extra-035.jpg","103548","103550","_9yhCLulQEWonw8XJeGiGg","https://spd-asos.sitecoresandbox.cloud/api/public/content/810be74e682747f390ef5b9abb60bf01","810be74e682747f390ef5b9abb60bf01","<Image src=""https://spd-asos.sitecoresandbox.cloud/api/public/content/810be74e682747f390ef5b9abb60bf01"" dam-id=""_9yhCLulQEWonw8XJeGiGg"" alt=""still-extra-035"" dam-content-type=""Image"" />"
"still-extra-058.jpg","103779","103781","X7fLeT-tS3Gk2lyF924KHw","https://spd-asos.sitecoresandbox.cloud/api/public/content/d9021b5d9c064881b0d0c75008773220","d9021b5d9c064881b0d0c75008773220","<Image src=""https://spd-asos.sitecoresandbox.cloud/api/public/content/d9021b5d9c064881b0d0c75008773220"" dam-id=""X7fLeT-tS3Gk2lyF924KHw"" alt=""still-extra-058"" dam-content-type=""Image"" />"
"209095454.jpg","101059","101061","dInlvb9nRXSjoxzKvbc6PQ","https://spd-asos.sitecoresandbox.cloud/api/public/content/e54f8af3b13d42c7bbe1be41689cdac0","e54f8af3b13d42c7bbe1be41689cdac0","<Image src=""https://spd-asos.sitecoresandbox.cloud/api/public/content/e54f8af3b13d42c7bbe1be41689cdac0"" dam-id=""dInlvb9nRXSjoxzKvbc6PQ"" alt=""209095454"" dam-content-type=""Image"" />"
"still-extra-037.jpg","103565","103567","Do-z41wCTnOk4f62wL6p-Q","https://spd-asos.sitecoresandbox.cloud/api/public/content/317c4f8eae2e422c8c70befb29f249b6","317c4f8eae2e422c8c70befb29f249b6","<Image src=""https://spd-asos.sitecoresandbox.cloud/api/public/content/317c4f8eae2e422c8c70befb29f249b6"" dam-id=""Do-z41wCTnOk4f62wL6p-Q"" alt=""still-extra-037"" dam-content-type=""Image"" />"
"still-extra-060.jpg","103801","103807","Q7yilsZfTKCIhA6Wgduv8g","https://spd-asos.sitecoresandbox.cloud/api/public/content/ee038b2ba0734d349db2c492a72f673b","ee038b2ba0734d349db2c492a72f673b","<Image src=""https://spd-asos.sitecoresandbox.cloud/api/public/content/ee038b2ba0734d349db2c492a72f673b"" dam-id=""Q7yilsZfTKCIhA6Wgduv8g"" alt=""still-extra-060"" dam-content-type=""Image"" />"
"211876976.jpg","102759","102761","YwSAo5ueQrWZiywOIJpbxA","https://spd-asos.sitecoresandbox.cloud/api/public/content/9ce76009b94d442f9dae3e687f41ac77","9ce76009b94d442f9dae3e687f41ac77","<Image src=""https://spd-asos.sitecoresandbox.cloud/api/public/content/9ce76009b94d442f9dae3e687f41ac77"" dam-id=""YwSAo5ueQrWZiywOIJpbxA"" alt=""211876976"" dam-content-type=""Image"" />"
"210895161.jpg","101482","101484","iQsV3F0mQW67D5oa_bK_AQ","https://spd-asos.sitecoresandbox.cloud/api/public/content/598890fdcb17475bb17130be5fdd50ab","598890fdcb17475bb17130be5fdd50ab","<Image src=""https://spd-asos.sitecoresandbox.cloud/api/public/content/598890fdcb17475bb17130be5fdd50ab"" dam-id=""iQsV3F0mQW67D5oa_bK_AQ"" alt=""210895161"" dam-content-type=""Image"" />"
"211213598.jpg","101708","101710","JZ5EK5mBR0-0ur-s4PlTQw","https://spd-asos.sitecoresandbox.cloud/api/public/content/ada5ddc366eb4c349192e5fef5988fe1","ada5ddc366eb4c349192e5fef5988fe1","<Image src=""https://spd-asos.sitecoresandbox.cloud/api/public/content/ada5ddc366eb4c349192e5fef5988fe1"" dam-id=""JZ5EK5mBR0-0ur-s4PlTQw"" alt=""211213598"" dam-content-type=""Image"" />"
"211792849.jpg","102645","102647","b_8PXuIlRAmuVSVtkUx7vg","https://spd-asos.sitecoresandbox.cloud/api/public/content/8e2deacd838c45458319afcb29450891","8e2deacd838c45458319afcb29450891","<Image src=""https://spd-asos.sitecoresandbox.cloud/api/public/content/8e2deacd838c45458319afcb29450891"" dam-id=""b_8PXuIlRAmuVSVtkUx7vg"" alt=""211792849"" dam-content-type=""Image"" />"
"211793121.jpg","102702","102704","cFiP7xavQGO9CxCuxawD8Q","https://spd-asos.sitecoresandbox.cloud/api/public/content/8d56520776924b4c98f2b89d032f6247","8d56520776924b4c98f2b89d032f6247","<Image src=""https://spd-asos.sitecoresandbox.cloud/api/public/content/8d56520776924b4c98f2b89d032f6247"" dam-id=""cFiP7xavQGO9CxCuxawD8Q"" alt=""211793121"" dam-content-type=""Image"" />"
"still-1509631179647-0177331693ae.jpg","103008","103011","mDTYwtqJTAaQ0hLvw2yDOQ","https://spd-asos.sitecoresandbox.cloud/api/public/content/55477dea19ba474795ff05669944735c","55477dea19ba474795ff05669944735c","<Image src=""https://spd-asos.sitecoresandbox.cloud/api/public/content/55477dea19ba474795ff05669944735c"" dam-id=""mDTYwtqJTAaQ0hLvw2yDOQ"" alt=""still-1509631179647-0177331693ae"" dam-content-type=""Image"" />"
"asos-logo.png","102777","102779","hZwtIAvbQ9u9vukgG4NI2A","https://spd-asos.sitecoresandbox.cloud/api/public/content/b91bd778b9db4606a2e8bf1647ef663a","b91bd778b9db4606a2e8bf1647ef663a","<Image src=""https://spd-asos.sitecoresandbox.cloud/api/public/content/b91bd778b9db4606a2e8bf1647ef663a"" dam-id=""hZwtIAvbQ9u9vukgG4NI2A"" alt=""asos-logo"" dam-content-type=""Image"" />"
"trend-1.jpg","103957","103959","QpLjdgAaRkKCgsy2OMVHZQ","https://spd-asos.sitecoresandbox.cloud/api/public/content/d0149f8e278a4ef9b2e92bc1973649d9","d0149f8e278a4ef9b2e92bc1973649d9","<Image src=""https://spd-asos.sitecoresandbox.cloud/api/public/content/d0149f8e278a4ef9b2e92bc1973649d9"" dam-id=""QpLjdgAaRkKCgsy2OMVHZQ"" alt=""trend-1"" dam-content-type=""Image"" />"
"211593409.jpg","102076","102078","LK482OQmS-uh37qyKqrGKQ","https://spd-asos.sitecoresandbox.cloud/api/public/content/7221a87bbcc34fd2b8b4cf3a16698923","7221a87bbcc34fd2b8b4cf3a16698923","<Image src=""https://spd-asos.sitecoresandbox.cloud/api/public/content/7221a87bbcc34fd2b8b4cf3a16698923"" dam-id=""LK482OQmS-uh37qyKqrGKQ"" alt=""211593409"" dam-content-type=""Image"" />"
"still-extra-001.jpg","103204","103207","QLJ1ajSNQ8mRPnplCGIn0w","https://spd-asos.sitecoresandbox.cloud/api/public/content/23821dc747c148d8acf893f1bf4196f9","23821dc747c148d8acf893f1bf4196f9","<Image src=""https://spd-asos.sitecoresandbox.cloud/api/public/content/23821dc747c148d8acf893f1bf4196f9"" dam-id=""QLJ1ajSNQ8mRPnplCGIn0w"" alt=""still-extra-001"" dam-content-type=""Image"" />"
"trend-3.jpg","103972","103974","DRmURMvFRhOvGKs2eFSUqg","https://spd-asos.sitecoresandbox.cloud/api/public/content/9eebd5d2942145c2b8c37b6efc41904a","9eebd5d2942145c2b8c37b6efc41904a","<Image src=""https://spd-asos.sitecoresandbox.cloud/api/public/content/9eebd5d2942145c2b8c37b6efc41904a"" dam-id=""DRmURMvFRhOvGKs2eFSUqg"" alt=""trend-3"" dam-content-type=""Image"" />"
"still-extra-054.jpg","103732","103734","kOan7j3HSwydHB77l_N5oA","https://spd-asos.sitecoresandbox.cloud/api/public/content/1f0831809a4546c0b1abbd7661fb10fc","1f0831809a4546c0b1abbd7661fb10fc","<Image src=""https://spd-asos.sitecoresandbox.cloud/api/public/content/1f0831809a4546c0b1abbd7661fb10fc"" dam-id=""kOan7j3HSwydHB77l_N5oA"" alt=""still-extra-054"" dam-content-type=""Image"" />"
"still-extra-023.jpg","103420","103423","0C1Hr9w2RdutQ-51HRCVYA","https://spd-asos.sitecoresandbox.cloud/api/public/content/239fc40902f34a2eb7413b900d734d75","239fc40902f34a2eb7413b900d734d75","<Image src=""https://spd-asos.sitecoresandbox.cloud/api/public/content/239fc40902f34a2eb7413b900d734d75"" dam-id=""0C1Hr9w2RdutQ-51HRCVYA"" alt=""still-extra-023"" dam-content-type=""Image"" />"
"still-1434389677669-e08b4cac3105.jpg","102894","102896","9X5yB3KHSiG6gYTvaMYxtw","https://spd-asos.sitecoresandbox.cloud/api/public/content/6f57770bb0ab4e8d91f165421a47483a","6f57770bb0ab4e8d91f165421a47483a","<Image src=""https://spd-asos.sitecoresandbox.cloud/api/public/content/6f57770bb0ab4e8d91f165421a47483a"" dam-id=""9X5yB3KHSiG6gYTvaMYxtw"" alt=""still-1434389677669-e08b4cac3105"" dam-content-type=""Image"" />"
"still-1576566588028-4147f3842f27.jpg","103145","103147","1cQBMl7pRbyBH-TEyPfsCA","https://spd-asos.sitecoresandbox.cloud/api/public/content/8a8faa4d8bc34cd3b4496cb5a5914c3e","8a8faa4d8bc34cd3b4496cb5a5914c3e","<Image src=""https://spd-asos.sitecoresandbox.cloud/api/public/content/8a8faa4d8bc34cd3b4496cb5a5914c3e"" dam-id=""1cQBMl7pRbyBH-TEyPfsCA"" alt=""still-1576566588028-4147f3842f27"" dam-content-type=""Image"" />"
"still-extra-027.jpg","103463","103465","nX9vYWz4R0qZ6jZrMb4lDQ","https://spd-asos.sitecoresandbox.cloud/api/public/content/f129d1b463fb4ec79851cbbb7608a6f7","f129d1b463fb4ec79851cbbb7608a6f7","<Image src=""https://spd-asos.sitecoresandbox.cloud/api/public/content/f129d1b463fb4ec79851cbbb7608a6f7"" dam-id=""nX9vYWz4R0qZ6jZrMb4lDQ"" alt=""still-extra-027"" dam-content-type=""Image"" />"
"still-extra-009.jpg","103277","103288","0gylbZFrRui8vQnzzR3esw","https://spd-asos.sitecoresandbox.cloud/api/public/content/d5da5c46739a4917a17e8fc352fae584","d5da5c46739a4917a17e8fc352fae584","<Image src=""https://spd-asos.sitecoresandbox.cloud/api/public/content/d5da5c46739a4917a17e8fc352fae584"" dam-id=""0gylbZFrRui8vQnzzR3esw"" alt=""still-extra-009"" dam-content-type=""Image"" />"
"211361370.jpg","101928","101930","1QGKyLloTH-TfBU6BPEvMw","https://spd-asos.sitecoresandbox.cloud/api/public/content/506626af06584c76ba441f3b0217e70e","506626af06584c76ba441f3b0217e70e","<Image src=""https://spd-asos.sitecoresandbox.cloud/api/public/content/506626af06584c76ba441f3b0217e70e"" dam-id=""1QGKyLloTH-TfBU6BPEvMw"" alt=""211361370"" dam-content-type=""Image"" />"
"207548070.jpg","100918","100920","VT7ll2DHQNiZSGRVPghwbQ","https://spd-asos.sitecoresandbox.cloud/api/public/content/43d146fb92ac4f0493a934dc7aedcdd8","43d146fb92ac4f0493a934dc7aedcdd8","<Image src=""https://spd-asos.sitecoresandbox.cloud/api/public/content/43d146fb92ac4f0493a934dc7aedcdd8"" dam-id=""VT7ll2DHQNiZSGRVPghwbQ"" alt=""207548070"" dam-content-type=""Image"" />"
"211335927.jpg","101860","101862","yqfZgqloSf6ZIu1-7BGdAg","https://spd-asos.sitecoresandbox.cloud/api/public/content/f108bd4e706947f191a5ea58a750fe5a","f108bd4e706947f191a5ea58a750fe5a","<Image src=""https://spd-asos.sitecoresandbox.cloud/api/public/content/f108bd4e706947f191a5ea58a750fe5a"" dam-id=""yqfZgqloSf6ZIu1-7BGdAg"" alt=""211335927"" dam-content-type=""Image"" />"
"211662757.jpg","102516","102520","jGtQu0ptRVWBaM7A1a3s-g","https://spd-asos.sitecoresandbox.cloud/api/public/content/97784e036ad745d3bc062616b1488964","97784e036ad745d3bc062616b1488964","<Image src=""https://spd-asos.sitecoresandbox.cloud/api/public/content/97784e036ad745d3bc062616b1488964"" dam-id=""jGtQu0ptRVWBaM7A1a3s-g"" alt=""211662757"" dam-content-type=""Image"" />"
"209111570.jpg","101082","101084","hEI7gFIiSt2-4xrVXXhLhw","https://spd-asos.sitecoresandbox.cloud/api/public/content/225344315e16454f8bb2323d6d5a9d54","225344315e16454f8bb2323d6d5a9d54","<Image src=""https://spd-asos.sitecoresandbox.cloud/api/public/content/225344315e16454f8bb2323d6d5a9d54"" dam-id=""hEI7gFIiSt2-4xrVXXhLhw"" alt=""209111570"" dam-content-type=""Image"" />"
"men-knit.jpg","102866","102870","pshb-QYnREy0Oo6ni0OTEw","https://spd-asos.sitecoresandbox.cloud/api/public/content/ecb55fbba41f44b0a546b09f08e0ffc1","ecb55fbba41f44b0a546b09f08e0ffc1","<Image src=""https://spd-asos.sitecoresandbox.cloud/api/public/content/ecb55fbba41f44b0a546b09f08e0ffc1"" dam-id=""pshb-QYnREy0Oo6ni0OTEw"" alt=""men-knit"" dam-content-type=""Image"" />"
"209896649.jpg","101212","101214","YYJ9ojZ0QAKbKjxxrbrfqw","https://spd-asos.sitecoresandbox.cloud/api/public/content/6382c4beac294b6fb57da377b47e66cc","6382c4beac294b6fb57da377b47e66cc","<Image src=""https://spd-asos.sitecoresandbox.cloud/api/public/content/6382c4beac294b6fb57da377b47e66cc"" dam-id=""YYJ9ojZ0QAKbKjxxrbrfqw"" alt=""209896649"" dam-content-type=""Image"" />"
"still-1591047139829-d91aecb6caea.jpg","103159","103161","IihBnIvTQjanPvo_DGQ4zw","https://spd-asos.sitecoresandbox.cloud/api/public/content/99bffc7a2158443fb1090f2f5e524298","99bffc7a2158443fb1090f2f5e524298","<Image src=""https://spd-asos.sitecoresandbox.cloud/api/public/content/99bffc7a2158443fb1090f2f5e524298"" dam-id=""IihBnIvTQjanPvo_DGQ4zw"" alt=""still-1591047139829-d91aecb6caea"" dam-content-type=""Image"" />"
"211620397.jpg","102110","102112","MfsXqVOHT2i8qpqLshikYA","https://spd-asos.sitecoresandbox.cloud/api/public/content/824e60fedc0a467fae55a83c4b4683ac","824e60fedc0a467fae55a83c4b4683ac","<Image src=""https://spd-asos.sitecoresandbox.cloud/api/public/content/824e60fedc0a467fae55a83c4b4683ac"" dam-id=""MfsXqVOHT2i8qpqLshikYA"" alt=""211620397"" dam-content-type=""Image"" />"
"210335545.jpg","101288","101292","n6yJVfoyQkmhzKFDdVVz7g","https://spd-asos.sitecoresandbox.cloud/api/public/content/a193343313534a108193b376361b6e6d","a193343313534a108193b376361b6e6d","<Image src=""https://spd-asos.sitecoresandbox.cloud/api/public/content/a193343313534a108193b376361b6e6d"" dam-id=""n6yJVfoyQkmhzKFDdVVz7g"" alt=""210335545"" dam-content-type=""Image"" />"
"still-1562157873-818bc0726f68.jpg","103126","103128","ZkrJQoHaRoGniM9G6kiHFg","https://spd-asos.sitecoresandbox.cloud/api/public/content/d6dab31785194d19b93eb55a1bb54ee6","d6dab31785194d19b93eb55a1bb54ee6","<Image src=""https://spd-asos.sitecoresandbox.cloud/api/public/content/d6dab31785194d19b93eb55a1bb54ee6"" dam-id=""ZkrJQoHaRoGniM9G6kiHFg"" alt=""still-1562157873-818bc0726f68"" dam-content-type=""Image"" />"
"211335874.jpg","101853","101855","Nct1UKAlQL29qLBUtb5plg","https://spd-asos.sitecoresandbox.cloud/api/public/content/43ce97408db84d6689f09b6a85b19d4e","43ce97408db84d6689f09b6a85b19d4e","<Image src=""https://spd-asos.sitecoresandbox.cloud/api/public/content/43ce97408db84d6689f09b6a85b19d4e"" dam-id=""Nct1UKAlQL29qLBUtb5plg"" alt=""211335874"" dam-content-type=""Image"" />"
"211297163.jpg","101747","101749","ZCyN_olHQ6OXXwI9HBWVoA","https://spd-asos.sitecoresandbox.cloud/api/public/content/8e863184fd0f444b9ce83d9312e01f8d","8e863184fd0f444b9ce83d9312e01f8d","<Image src=""https://spd-asos.sitecoresandbox.cloud/api/public/content/8e863184fd0f444b9ce83d9312e01f8d"" dam-id=""ZCyN_olHQ6OXXwI9HBWVoA"" alt=""211297163"" dam-content-type=""Image"" />"
"still-extra-032.jpg","103514","103516","X6r_51EHTzG9YVayM_t32g","https://spd-asos.sitecoresandbox.cloud/api/public/content/00f2c33d99af42acb1d4de7351d65462","00f2c33d99af42acb1d4de7351d65462","<Image src=""https://spd-asos.sitecoresandbox.cloud/api/public/content/00f2c33d99af42acb1d4de7351d65462"" dam-id=""X6r_51EHTzG9YVayM_t32g"" alt=""still-extra-032"" dam-content-type=""Image"" />"
"210659285.jpg","101383","101385","YS3uM6hLQKGMlkxeNVRCsg","https://spd-asos.sitecoresandbox.cloud/api/public/content/1b63cfc1f21343189d01412ed6e04e84","1b63cfc1f21343189d01412ed6e04e84","<Image src=""https://spd-asos.sitecoresandbox.cloud/api/public/content/1b63cfc1f21343189d01412ed6e04e84"" dam-id=""YS3uM6hLQKGMlkxeNVRCsg"" alt=""210659285"" dam-content-type=""Image"" />"
"211123419.jpg","101657","101659","smRi7Y7VQ7ieQcrgmGSSuw","https://spd-asos.sitecoresandbox.cloud/api/public/content/c4c497ab1dab4c408011fb57ab5d03fe","c4c497ab1dab4c408011fb57ab5d03fe","<Image src=""https://spd-asos.sitecoresandbox.cloud/api/public/content/c4c497ab1dab4c408011fb57ab5d03fe"" dam-id=""smRi7Y7VQ7ieQcrgmGSSuw"" alt=""211123419"" dam-content-type=""Image"" />"
"211662104.jpg","102248","102250","SYhtKdJfSkyB1VHZfflYLg","https://spd-asos.sitecoresandbox.cloud/api/public/content/324c105b1ef74e68b37554fbb8fcf284","324c105b1ef74e68b37554fbb8fcf284","<Image src=""https://spd-asos.sitecoresandbox.cloud/api/public/content/324c105b1ef74e68b37554fbb8fcf284"" dam-id=""SYhtKdJfSkyB1VHZfflYLg"" alt=""211662104"" dam-content-type=""Image"" />"
"211213574.jpg","101700","101702","vAAivtL0TxeJKtjeShTbMw","https://spd-asos.sitecoresandbox.cloud/api/public/content/2492fc2398df447e8a01ae01923ebddb","2492fc2398df447e8a01ae01923ebddb","<Image src=""https://spd-asos.sitecoresandbox.cloud/api/public/content/2492fc2398df447e8a01ae01923ebddb"" dam-id=""vAAivtL0TxeJKtjeShTbMw"" alt=""211213574"" dam-content-type=""Image"" />"
"211145126.jpg","101667","101669","drKix8izREy1_CmNndeNow","https://spd-asos.sitecoresandbox.cloud/api/public/content/bbae6ca0f8c5470d858595495ed1be97","bbae6ca0f8c5470d858595495ed1be97","<Image src=""https://spd-asos.sitecoresandbox.cloud/api/public/content/bbae6ca0f8c5470d858595495ed1be97"" dam-id=""drKix8izREy1_CmNndeNow"" alt=""211145126"" dam-content-type=""Image"" />"
"still-extra-016.jpg","103354","103356","Se2QzNTtRKS0g-gabtAzsQ","https://spd-asos.sitecoresandbox.cloud/api/public/content/76e9c9d11bb54e8883048ae679f6c858","76e9c9d11bb54e8883048ae679f6c858","<Image src=""https://spd-asos.sitecoresandbox.cloud/api/public/content/76e9c9d11bb54e8883048ae679f6c858"" dam-id=""Se2QzNTtRKS0g-gabtAzsQ"" alt=""still-extra-016"" dam-content-type=""Image"" />"
"211328083.jpg","101800","101802","fM58BST4SgqIIE-70HAdBg","https://spd-asos.sitecoresandbox.cloud/api/public/content/c478c99440244d3e9fd4bc17208dcf0e","c478c99440244d3e9fd4bc17208dcf0e","<Image src=""https://spd-asos.sitecoresandbox.cloud/api/public/content/c478c99440244d3e9fd4bc17208dcf0e"" dam-id=""fM58BST4SgqIIE-70HAdBg"" alt=""211328083"" dam-content-type=""Image"" />"
"cat-hunter.jpg","102817","102820","n6rScWuCSYOEf5XgAQ3vJw","https://spd-asos.sitecoresandbox.cloud/api/public/content/f040c2e84efa4cbd878f2305deaa29c5","f040c2e84efa4cbd878f2305deaa29c5","<Image src=""https://spd-asos.sitecoresandbox.cloud/api/public/content/f040c2e84efa4cbd878f2305deaa29c5"" dam-id=""n6rScWuCSYOEf5XgAQ3vJw"" alt=""cat-hunter"" dam-content-type=""Image"" />"
"211662454.jpg","102438","102440","Dbtvn09SQuqsh0NweobDvw","https://spd-asos.sitecoresandbox.cloud/api/public/content/a6cdaf029e46444891dfca8c6ed7c279","a6cdaf029e46444891dfca8c6ed7c279","<Image src=""https://spd-asos.sitecoresandbox.cloud/api/public/content/a6cdaf029e46444891dfca8c6ed7c279"" dam-id=""Dbtvn09SQuqsh0NweobDvw"" alt=""211662454"" dam-content-type=""Image"" />"
"still-extra-003.jpg","103221","103223","4JsTPOtUQQi0sHivpfYykQ","https://spd-asos.sitecoresandbox.cloud/api/public/content/14960c8193e94a5c99efc89f4699b6c3","14960c8193e94a5c99efc89f4699b6c3","<Image src=""https://spd-asos.sitecoresandbox.cloud/api/public/content/14960c8193e94a5c99efc89f4699b6c3"" dam-id=""4JsTPOtUQQi0sHivpfYykQ"" alt=""still-extra-003"" dam-content-type=""Image"" />"
"211662085.jpg","102240","102243","j0Sstj5OT_yPmNpjS6P4XA","https://spd-asos.sitecoresandbox.cloud/api/public/content/90ae0756ed3244ceba69d1f1fc9bf01d","90ae0756ed3244ceba69d1f1fc9bf01d","<Image src=""https://spd-asos.sitecoresandbox.cloud/api/public/content/90ae0756ed3244ceba69d1f1fc9bf01d"" dam-id=""j0Sstj5OT_yPmNpjS6P4XA"" alt=""211662085"" dam-content-type=""Image"" />"
"208851008.jpg","101019","101021","HwSZnRmNQ9axjIfqoRFMqA","https://spd-asos.sitecoresandbox.cloud/api/public/content/84d67785339a47c894793f6016c3558a","84d67785339a47c894793f6016c3558a","<Image src=""https://spd-asos.sitecoresandbox.cloud/api/public/content/84d67785339a47c894793f6016c3558a"" dam-id=""HwSZnRmNQ9axjIfqoRFMqA"" alt=""208851008"" dam-content-type=""Image"" />"
"still-extra-049.jpg","103682","103684","-5nza2CzQeucwcSV7WNslA","https://spd-asos.sitecoresandbox.cloud/api/public/content/faa310ebd61f4e9ea9da6e38aa1a7197","faa310ebd61f4e9ea9da6e38aa1a7197","<Image src=""https://spd-asos.sitecoresandbox.cloud/api/public/content/faa310ebd61f4e9ea9da6e38aa1a7197"" dam-id=""-5nza2CzQeucwcSV7WNslA"" alt=""still-extra-049"" dam-content-type=""Image"" />"
"211792903.jpg","102671","102682","LMLGvjDITc62WUSEwpcdTw","https://spd-asos.sitecoresandbox.cloud/api/public/content/16878960521b4918bbd2ffb54521f7e6","16878960521b4918bbd2ffb54521f7e6","<Image src=""https://spd-asos.sitecoresandbox.cloud/api/public/content/16878960521b4918bbd2ffb54521f7e6"" dam-id=""LMLGvjDITc62WUSEwpcdTw"" alt=""211792903"" dam-content-type=""Image"" />"
"still-1545291730-faff8ca1d4b0.jpg","103109","103111","4J-aoxrlTYiRvnWwQvBkCg","https://spd-asos.sitecoresandbox.cloud/api/public/content/8e2e82ce810e44aa9570a1dad1a36911","8e2e82ce810e44aa9570a1dad1a36911","<Image src=""https://spd-asos.sitecoresandbox.cloud/api/public/content/8e2e82ce810e44aa9570a1dad1a36911"" dam-id=""4J-aoxrlTYiRvnWwQvBkCg"" alt=""still-1545291730-faff8ca1d4b0"" dam-content-type=""Image"" />"
"still-extra-042.jpg","103613","103615","cC4hnZ6cTteKFRulzmA77A","https://spd-asos.sitecoresandbox.cloud/api/public/content/192e69bc6c2c4aec890c63af3ee11f37","192e69bc6c2c4aec890c63af3ee11f37","<Image src=""https://spd-asos.sitecoresandbox.cloud/api/public/content/192e69bc6c2c4aec890c63af3ee11f37"" dam-id=""cC4hnZ6cTteKFRulzmA77A"" alt=""still-extra-042"" dam-content-type=""Image"" />"
"211662697.jpg","102499","102501","mvdDhRC1RHe4FRWh36jgnw","https://spd-asos.sitecoresandbox.cloud/api/public/content/b6ab37da804b43bd93eb81d730fee9b1","b6ab37da804b43bd93eb81d730fee9b1","<Image src=""https://spd-asos.sitecoresandbox.cloud/api/public/content/b6ab37da804b43bd93eb81d730fee9b1"" dam-id=""mvdDhRC1RHe4FRWh36jgnw"" alt=""211662697"" dam-content-type=""Image"" />"
"210030290.jpg","101236","101238","nm_Q_mWnTruEauVoBalg5A","https://spd-asos.sitecoresandbox.cloud/api/public/content/725f69238c584a89b6aae30ea17a82a9","725f69238c584a89b6aae30ea17a82a9","<Image src=""https://spd-asos.sitecoresandbox.cloud/api/public/content/725f69238c584a89b6aae30ea17a82a9"" dam-id=""nm_Q_mWnTruEauVoBalg5A"" alt=""210030290"" dam-content-type=""Image"" />"
"hero-men.jpg","102839","102841","yDtapl7TQ9WsmZ-yfSqYmg","https://spd-asos.sitecoresandbox.cloud/api/public/content/079045a0714c4aa3bbd37ef64fd91c32","079045a0714c4aa3bbd37ef64fd91c32","<Image src=""https://spd-asos.sitecoresandbox.cloud/api/public/content/079045a0714c4aa3bbd37ef64fd91c32"" dam-id=""yDtapl7TQ9WsmZ-yfSqYmg"" alt=""hero-men"" dam-content-type=""Image"" />"
"trend-5.jpg","103996","103998","A2MrU6YGTHWu8x19HvYdSg","https://spd-asos.sitecoresandbox.cloud/api/public/content/9b493913c1db427dadbe9427b6168b7a","9b493913c1db427dadbe9427b6168b7a","<Image src=""https://spd-asos.sitecoresandbox.cloud/api/public/content/9b493913c1db427dadbe9427b6168b7a"" dam-id=""A2MrU6YGTHWu8x19HvYdSg"" alt=""trend-5"" dam-content-type=""Image"" />"
"207927303.jpg","100933","100937","HGiW87iJQsyUHi47FTgQHQ","https://spd-asos.sitecoresandbox.cloud/api/public/content/1cbdc14f594d4d94b01d368f1d95e36f","1cbdc14f594d4d94b01d368f1d95e36f","<Image src=""https://spd-asos.sitecoresandbox.cloud/api/public/content/1cbdc14f594d4d94b01d368f1d95e36f"" dam-id=""HGiW87iJQsyUHi47FTgQHQ"" alt=""207927303"" dam-content-type=""Image"" />"
"211335542.jpg","101843","101847","ImJBDVOaTy-pTBCJFoq3yg","https://spd-asos.sitecoresandbox.cloud/api/public/content/60286e0f3f4e4d58b4f23eca2c3ef565","60286e0f3f4e4d58b4f23eca2c3ef565","<Image src=""https://spd-asos.sitecoresandbox.cloud/api/public/content/60286e0f3f4e4d58b4f23eca2c3ef565"" dam-id=""ImJBDVOaTy-pTBCJFoq3yg"" alt=""211335542"" dam-content-type=""Image"" />"
"still-extra-011.jpg","103304","103306","NSnSLfwtSseTN8rakTe7OQ","https://spd-asos.sitecoresandbox.cloud/api/public/content/6d5d00d394ce461998821d91dc43ff32","6d5d00d394ce461998821d91dc43ff32","<Image src=""https://spd-asos.sitecoresandbox.cloud/api/public/content/6d5d00d394ce461998821d91dc43ff32"" dam-id=""NSnSLfwtSseTN8rakTe7OQ"" alt=""still-extra-011"" dam-content-type=""Image"" />"
"210528948.jpg","101315","101317","IF6by8iXQo687dpt7BOl0A","https://spd-asos.sitecoresandbox.cloud/api/public/content/c123ea2099f8407b86f7cf1c747a4791","c123ea2099f8407b86f7cf1c747a4791","<Image src=""https://spd-asos.sitecoresandbox.cloud/api/public/content/c123ea2099f8407b86f7cf1c747a4791"" dam-id=""IF6by8iXQo687dpt7BOl0A"" alt=""210528948"" dam-content-type=""Image"" />"
"still-extra-070.jpg","103899","103901","yhhlFwMYSSSCUycwsl9-Yg","https://spd-asos.sitecoresandbox.cloud/api/public/content/6bb73c1f696f47a98015541a8006e831","6bb73c1f696f47a98015541a8006e831","<Image src=""https://spd-asos.sitecoresandbox.cloud/api/public/content/6bb73c1f696f47a98015541a8006e831"" dam-id=""yhhlFwMYSSSCUycwsl9-Yg"" alt=""still-extra-070"" dam-content-type=""Image"" />"
"still-extra-014.jpg","103326","103332","tjYBQXl9SWOYLj9vD33ABw","https://spd-asos.sitecoresandbox.cloud/api/public/content/fa96a70d5fbf409fa8a4c12de0358f3a","fa96a70d5fbf409fa8a4c12de0358f3a","<Image src=""https://spd-asos.sitecoresandbox.cloud/api/public/content/fa96a70d5fbf409fa8a4c12de0358f3a"" dam-id=""tjYBQXl9SWOYLj9vD33ABw"" alt=""still-extra-014"" dam-content-type=""Image"" />"
"211662054.jpg","102233","102235","d88bLHBSRiWighGUAnlUSg","https://spd-asos.sitecoresandbox.cloud/api/public/content/5ba28f19dd154299a9e20524b72c8e9c","5ba28f19dd154299a9e20524b72c8e9c","<Image src=""https://spd-asos.sitecoresandbox.cloud/api/public/content/5ba28f19dd154299a9e20524b72c8e9c"" dam-id=""d88bLHBSRiWighGUAnlUSg"" alt=""211662054"" dam-content-type=""Image"" />"
"210736526.jpg","101396","101400","2BGLOyV2S-iFmr4A7ygbxQ","https://spd-asos.sitecoresandbox.cloud/api/public/content/553cdde953134acfb2b3099647dbd3c9","553cdde953134acfb2b3099647dbd3c9","<Image src=""https://spd-asos.sitecoresandbox.cloud/api/public/content/553cdde953134acfb2b3099647dbd3c9"" dam-id=""2BGLOyV2S-iFmr4A7ygbxQ"" alt=""210736526"" dam-content-type=""Image"" />"
"still-1596755094514-f87e34085b2c.jpg","103171","103173","4NbnVVheRemwTh6YKh7QDw","https://spd-asos.sitecoresandbox.cloud/api/public/content/ad805f0b0c19495990d3192141e012b8","ad805f0b0c19495990d3192141e012b8","<Image src=""https://spd-asos.sitecoresandbox.cloud/api/public/content/ad805f0b0c19495990d3192141e012b8"" dam-id=""4NbnVVheRemwTh6YKh7QDw"" alt=""still-1596755094514-f87e34085b2c"" dam-content-type=""Image"" />"
"211662412.jpg","102415","102417","epueJFstTTicpeaHfcxJxQ","https://spd-asos.sitecoresandbox.cloud/api/public/content/ff8931033e624dca94dba43ab210413e","ff8931033e624dca94dba43ab210413e","<Image src=""https://spd-asos.sitecoresandbox.cloud/api/public/content/ff8931033e624dca94dba43ab210413e"" dam-id=""epueJFstTTicpeaHfcxJxQ"" alt=""211662412"" dam-content-type=""Image"" />"
"still-extra-057.jpg","103771","103773","tA29DcUjQaSI_JghQa4v4Q","https://spd-asos.sitecoresandbox.cloud/api/public/content/42585df976cf47e9924b5e0d920f7533","42585df976cf47e9924b5e0d920f7533","<Image src=""https://spd-asos.sitecoresandbox.cloud/api/public/content/42585df976cf47e9924b5e0d920f7533"" dam-id=""tA29DcUjQaSI_JghQa4v4Q"" alt=""still-extra-057"" dam-content-type=""Image"" />"
"209422904.jpg","101156","101158","lDps-voAREy6WJGsvDhPcg","https://spd-asos.sitecoresandbox.cloud/api/public/content/c4cd6510f2b940d6978028c26d3b24b6","c4cd6510f2b940d6978028c26d3b24b6","<Image src=""https://spd-asos.sitecoresandbox.cloud/api/public/content/c4cd6510f2b940d6978028c26d3b24b6"" dam-id=""lDps-voAREy6WJGsvDhPcg"" alt=""209422904"" dam-content-type=""Image"" />"
"211792808.jpg","102637","102640","0cUCZo4HSAyxTMi-laIdXA","https://spd-asos.sitecoresandbox.cloud/api/public/content/c36a2acf429e426c9615df43a00a871c","c36a2acf429e426c9615df43a00a871c","<Image src=""https://spd-asos.sitecoresandbox.cloud/api/public/content/c36a2acf429e426c9615df43a00a871c"" dam-id=""0cUCZo4HSAyxTMi-laIdXA"" alt=""211792808"" dam-content-type=""Image"" />"
"211793150.jpg","102711","102713","U2upIlpHRdW_FW23Va4wkg","https://spd-asos.sitecoresandbox.cloud/api/public/content/d0e60cd8ddfb42f19201dcb2701d90c6","d0e60cd8ddfb42f19201dcb2701d90c6","<Image src=""https://spd-asos.sitecoresandbox.cloud/api/public/content/d0e60cd8ddfb42f19201dcb2701d90c6"" dam-id=""U2upIlpHRdW_FW23Va4wkg"" alt=""211793150"" dam-content-type=""Image"" />"
"211062762.jpg","101624","101632","5sJ2iUP_S-yVTyKcBy5Kyw","https://spd-asos.sitecoresandbox.cloud/api/public/content/e7df970aa5df43a188bd0b246af6f79f","e7df970aa5df43a188bd0b246af6f79f","<Image src=""https://spd-asos.sitecoresandbox.cloud/api/public/content/e7df970aa5df43a188bd0b246af6f79f"" dam-id=""5sJ2iUP_S-yVTyKcBy5Kyw"" alt=""211062762"" dam-content-type=""Image"" />"
"211792884.jpg","102662","102666","uxgn2avESrqgSVxrwe0_nw","https://spd-asos.sitecoresandbox.cloud/api/public/content/656389bab5fb49eea72cf34217deecf0","656389bab5fb49eea72cf34217deecf0","<Image src=""https://spd-asos.sitecoresandbox.cloud/api/public/content/656389bab5fb49eea72cf34217deecf0"" dam-id=""uxgn2avESrqgSVxrwe0_nw"" alt=""211792884"" dam-content-type=""Image"" />"
"211213762.jpg","101717","101725","fJPtpP7bSN6gqEPs9BWUOg","https://spd-asos.sitecoresandbox.cloud/api/public/content/0b10a46a839944de893c2b9141c2e0a2","0b10a46a839944de893c2b9141c2e0a2","<Image src=""https://spd-asos.sitecoresandbox.cloud/api/public/content/0b10a46a839944de893c2b9141c2e0a2"" dam-id=""fJPtpP7bSN6gqEPs9BWUOg"" alt=""211213762"" dam-content-type=""Image"" />"
"still-1512436991641-6745cdb1723f.jpg","103016","103020","gFDTNocjR7Wp4hrzL6dsqw","https://spd-asos.sitecoresandbox.cloud/api/public/content/ba3fe8946977498e9371d424692dbc0c","ba3fe8946977498e9371d424692dbc0c","<Image src=""https://spd-asos.sitecoresandbox.cloud/api/public/content/ba3fe8946977498e9371d424692dbc0c"" dam-id=""gFDTNocjR7Wp4hrzL6dsqw"" alt=""still-1512436991641-6745cdb1723f"" dam-content-type=""Image"" />"
"209212013.jpg","101121","101123","-eQ78bdQQZWJ5kXlcBfj-A","https://spd-asos.sitecoresandbox.cloud/api/public/content/2937fb818c26450d920f7ac87f1b7ee9","2937fb818c26450d920f7ac87f1b7ee9","<Image src=""https://spd-asos.sitecoresandbox.cloud/api/public/content/2937fb818c26450d920f7ac87f1b7ee9"" dam-id=""-eQ78bdQQZWJ5kXlcBfj-A"" alt=""209212013"" dam-content-type=""Image"" />"
"210949631.jpg","101550","101552","76m36BRDRRWuCtyhTbwfcg","https://spd-asos.sitecoresandbox.cloud/api/public/content/d0f6ceca44ec4c6c9f3cf02fcda4f10e","d0f6ceca44ec4c6c9f3cf02fcda4f10e","<Image src=""https://spd-asos.sitecoresandbox.cloud/api/public/content/d0f6ceca44ec4c6c9f3cf02fcda4f10e"" dam-id=""76m36BRDRRWuCtyhTbwfcg"" alt=""210949631"" dam-content-type=""Image"" />"
"211662185.jpg","102306","102308","pNhdcO4bSX-EUyvFeOGSNw","https://spd-asos.sitecoresandbox.cloud/api/public/content/a8a99374d0394204a6bbd3385b07d2e8","a8a99374d0394204a6bbd3385b07d2e8","<Image src=""https://spd-asos.sitecoresandbox.cloud/api/public/content/a8a99374d0394204a6bbd3385b07d2e8"" dam-id=""pNhdcO4bSX-EUyvFeOGSNw"" alt=""211662185"" dam-content-type=""Image"" />"
"208678602.jpg","100972","100974","6LptjiMhTLShF3CyoZYz5A","https://spd-asos.sitecoresandbox.cloud/api/public/content/c2580e85fb95481ab103b8b08c71ff76","c2580e85fb95481ab103b8b08c71ff76","<Image src=""https://spd-asos.sitecoresandbox.cloud/api/public/content/c2580e85fb95481ab103b8b08c71ff76"" dam-id=""6LptjiMhTLShF3CyoZYz5A"" alt=""208678602"" dam-content-type=""Image"" />"
"210746686.jpg","101429","101433","le5w0lmvTomD4Kep6VOnDg","https://spd-asos.sitecoresandbox.cloud/api/public/content/c3ed266742ff442d8046ba3d4f9f53e5","c3ed266742ff442d8046ba3d4f9f53e5","<Image src=""https://spd-asos.sitecoresandbox.cloud/api/public/content/c3ed266742ff442d8046ba3d4f9f53e5"" dam-id=""le5w0lmvTomD4Kep6VOnDg"" alt=""210746686"" dam-content-type=""Image"" />"
"still-1529626455594-4ff0802cfb7e.jpg","103083","103085","7X-dTOjeRLK0xp2Q-rZAig","https://spd-asos.sitecoresandbox.cloud/api/public/content/68450577ff104575a36de63b30faa773","68450577ff104575a36de63b30faa773","<Image src=""https://spd-asos.sitecoresandbox.cloud/api/public/content/68450577ff104575a36de63b30faa773"" dam-id=""7X-dTOjeRLK0xp2Q-rZAig"" alt=""still-1529626455594-4ff0802cfb7e"" dam-content-type=""Image"" />"
"still-extra-030.jpg","103499","103501","ciB2iB2ISKyXla8remdbrg","https://spd-asos.sitecoresandbox.cloud/api/public/content/6496cd49e717477ba3310f037500cd9c","6496cd49e717477ba3310f037500cd9c","<Image src=""https://spd-asos.sitecoresandbox.cloud/api/public/content/6496cd49e717477ba3310f037500cd9c"" dam-id=""ciB2iB2ISKyXla8remdbrg"" alt=""still-extra-030"" dam-content-type=""Image"" />"
"210986677.jpg","101577","101581","JgdUncqyRsmmVTw5vYZ52A","https://spd-asos.sitecoresandbox.cloud/api/public/content/5393a5aae62e4e4ca0d233b823406033","5393a5aae62e4e4ca0d233b823406033","<Image src=""https://spd-asos.sitecoresandbox.cloud/api/public/content/5393a5aae62e4e4ca0d233b823406033"" dam-id=""JgdUncqyRsmmVTw5vYZ52A"" alt=""210986677"" dam-content-type=""Image"" />"
"211662521.jpg","102455","102459","CIkZQUIJSaWteELmf7Vqjw","https://spd-asos.sitecoresandbox.cloud/api/public/content/3cab4715197743859403f629c1882e89","3cab4715197743859403f629c1882e89","<Image src=""https://spd-asos.sitecoresandbox.cloud/api/public/content/3cab4715197743859403f629c1882e89"" dam-id=""CIkZQUIJSaWteELmf7Vqjw"" alt=""211662521"" dam-content-type=""Image"" />"
"211696074.jpg","102568","102570","Gfqlq7lySG68XsP5HiOjwA","https://spd-asos.sitecoresandbox.cloud/api/public/content/662cb3ec31344aaf84675467b61c62b0","662cb3ec31344aaf84675467b61c62b0","<Image src=""https://spd-asos.sitecoresandbox.cloud/api/public/content/662cb3ec31344aaf84675467b61c62b0"" dam-id=""Gfqlq7lySG68XsP5HiOjwA"" alt=""211696074"" dam-content-type=""Image"" />"
"205646270.jpg","100905","100907","dYE_OpkkQtSr-GUcKniuHg","https://spd-asos.sitecoresandbox.cloud/api/public/content/cb0890a1688244f3b9797920fbf5d786","cb0890a1688244f3b9797920fbf5d786","<Image src=""https://spd-asos.sitecoresandbox.cloud/api/public/content/cb0890a1688244f3b9797920fbf5d786"" dam-id=""dYE_OpkkQtSr-GUcKniuHg"" alt=""205646270"" dam-content-type=""Image"" />"
"209300640.jpg","101130","101132","7MhwPHG5R1SMdOPrAZ4ebQ","https://spd-asos.sitecoresandbox.cloud/api/public/content/9c7e627871094be1a4e65ea7735e694b","9c7e627871094be1a4e65ea7735e694b","<Image src=""https://spd-asos.sitecoresandbox.cloud/api/public/content/9c7e627871094be1a4e65ea7735e694b"" dam-id=""7MhwPHG5R1SMdOPrAZ4ebQ"" alt=""209300640"" dam-content-type=""Image"" />"
"still-extra-008.jpg","103270","103274","0Q0iayEHQa-i0lc6Zm3QWQ","https://spd-asos.sitecoresandbox.cloud/api/public/content/bb0168944c3546e0b79c84976b70c4c9","bb0168944c3546e0b79c84976b70c4c9","<Image src=""https://spd-asos.sitecoresandbox.cloud/api/public/content/bb0168944c3546e0b79c84976b70c4c9"" dam-id=""0Q0iayEHQa-i0lc6Zm3QWQ"" alt=""still-extra-008"" dam-content-type=""Image"" />"
"still-extra-064.jpg","103841","103843","YSi-kjpLS8OqwSwjbwh_BA","https://spd-asos.sitecoresandbox.cloud/api/public/content/88ad0b890a4e4cbab1e031a13f1e2284","88ad0b890a4e4cbab1e031a13f1e2284","<Image src=""https://spd-asos.sitecoresandbox.cloud/api/public/content/88ad0b890a4e4cbab1e031a13f1e2284"" dam-id=""YSi-kjpLS8OqwSwjbwh_BA"" alt=""still-extra-064"" dam-content-type=""Image"" />"
"209602432.jpg","101169","101171","3AKX_YcpRUeCQmnPT8FAeA","https://spd-asos.sitecoresandbox.cloud/api/public/content/dc5efaa909cc43d5aec3d426278f84e3","dc5efaa909cc43d5aec3d426278f84e3","<Image src=""https://spd-asos.sitecoresandbox.cloud/api/public/content/dc5efaa909cc43d5aec3d426278f84e3"" dam-id=""3AKX_YcpRUeCQmnPT8FAeA"" alt=""209602432"" dam-content-type=""Image"" />"
"cat-new-in.jpg","102825","102828","Z_W4kxPGSUGDWPTvljPO-g","https://spd-asos.sitecoresandbox.cloud/api/public/content/23ecca0695804ee89d51c7a310a7cabc","23ecca0695804ee89d51c7a310a7cabc","<Image src=""https://spd-asos.sitecoresandbox.cloud/api/public/content/23ecca0695804ee89d51c7a310a7cabc"" dam-id=""Z_W4kxPGSUGDWPTvljPO-g"" alt=""cat-new-in"" dam-content-type=""Image"" />"
"still-extra-028.jpg","103473","103475","Y4KuTA7hQ7eKCKnKovip1A","https://spd-asos.sitecoresandbox.cloud/api/public/content/1e4ad1e89d70450a98b3934f87b9b721","1e4ad1e89d70450a98b3934f87b9b721","<Image src=""https://spd-asos.sitecoresandbox.cloud/api/public/content/1e4ad1e89d70450a98b3934f87b9b721"" dam-id=""Y4KuTA7hQ7eKCKnKovip1A"" alt=""still-extra-028"" dam-content-type=""Image"" />"
"still-extra-053.jpg","103724","103727","_YvB1K2TSwW6q8xi7LVuXA","https://spd-asos.sitecoresandbox.cloud/api/public/content/5974abd83a974e2e92d7db18b4b46472","5974abd83a974e2e92d7db18b4b46472","<Image src=""https://spd-asos.sitecoresandbox.cloud/api/public/content/5974abd83a974e2e92d7db18b4b46472"" dam-id=""_YvB1K2TSwW6q8xi7LVuXA"" alt=""still-extra-053"" dam-content-type=""Image"" />"
